cluster,latitude,longitude,urban_rural,state,wealth_index
1.0,13.211833152,4.90905913684,U,Sokoto,-0.8501553571428572
2.0,13.2791608413,5.41337962169,U,Sokoto,-0.8385256666666667
3.0,13.0555764262,5.24659706237,U,Sokoto,0.486707
4.0,13.0739617682,5.2104367702,U,Sokoto,-0.10012
5.0,13.0449245185,5.19601922792,U,Sokoto,1.0448734482758621
6.0,13.450953214,4.24033496836,R,Sokoto,-1.3336526666666666
7.0,13.1233659176,4.78747735279,R,Sokoto,-1.27449
8.0,13.3235649251,5.04202039523,R,Sokoto,-1.3194586666666666
9.0,13.3502097075,5.22342102407,R,Sokoto,-1.1570846666666665
10.0,13.4874575188,5.44932856476,R,Sokoto,-1.2816672413793102
11.0,13.7927012404,5.50000687268,R,Sokoto,-1.090971
12.0,13.6680771902,5.83870188944,R,Sokoto,-1.2504726666666668
13.0,13.6364058592,5.53530060274,R,Sokoto,-1.3534593333333333
14.0,13.5692710927,6.18216823174,R,Sokoto,-1.3368853333333335
15.0,13.4591987137,6.34330349231,R,Sokoto,-1.0930362068965518
16.0,13.1567132761,6.45575697747,R,Sokoto,-1.066867
17.0,13.4909319962,5.83746987163,R,Sokoto,-1.2280236666666666
18.0,13.2973747844,5.45784150083,R,Sokoto,-0.8481651724137931
19.0,13.1275674263,5.41932253445,R,Sokoto,-1.2515290000000001
20.0,13.0506867495,5.53257856379,R,Sokoto,-1.2321353333333334
21.0,13.1228303559,5.28591817795,R,Sokoto,0.27356344827586204
22.0,13.0428478412,5.3498916516,R,Sokoto,-1.0962176666666668
23.0,13.036880262,5.25086738138,R,Sokoto,0.5089616666666666
24.0,13.071582772,5.21570119741,R,Sokoto,0.8644123333333333
25.0,13.1499611292,5.25199655743,R,Sokoto,-0.811192
26.0,13.0642501823,5.19436699073,R,Sokoto,-0.666567
27.0,12.9529978832,5.19685643927,R,Sokoto,-0.21918333333333334
28.0,13.0727190819,4.80616687808,R,Sokoto,-1.4827926666666669
29.0,12.6823175436,4.8849908737,R,Sokoto,-0.9359606666666667
30.0,12.8222871149,5.11932040686,R,Sokoto,-0.08560133333333335
31.0,13.0170354766,5.29064210286,R,Sokoto,-0.9028916666666666
32.0,12.8395994795,5.55690442457,R,Sokoto,-1.439105925925926
33.0,12.6209681696,5.5843326759,R,Sokoto,-1.2690617241379312
34.0,12.6645528227,5.03218924353,R,Sokoto,-0.952921
35.0,12.4216396115,4.87009204914,R,Sokoto,-1.212906
36.0,12.3753070791,4.69626075379,R,Sokoto,-1.0318479999999999
37.0,11.7222690708,4.49290197245,R,Sokoto,-0.908286
38.0,12.1141906343,5.93668078923,U,Zamfara,-0.595379
39.0,12.5540148093,6.08008047909,U,Zamfara,0.08176833333333335
40.0,13.0613489505,6.51710749041,U,Zamfara,-0.1734270588235294
41.0,12.5959098948,6.58440723617,U,Zamfara,-0.329102
42.0,12.1708648692,6.72509495127,U,Zamfara,-0.326288275862069
43.0,12.1779933183,6.64072671271,U,Zamfara,0.314457
44.0,12.1850329139,6.65276193366,U,Zamfara,0.4730896666666667
46.0,12.2063781301,5.28888112246,R,Zamfara,-1.1440403333333333
47.0,12.1226693368,4.97302401453,R,Zamfara,-1.1197436666666667
49.0,11.8271937371,5.3555383888,R,Zamfara,-1.0786503333333333
50.0,12.1232749717,5.85130250295,R,Zamfara,-1.0956323333333333
51.0,12.595994839,6.0068278083,R,Zamfara,-0.5822173333333333
52.0,12.5212136601,5.98358532065,R,Zamfara,-1.0053176666666668
53.0,12.4007263686,6.13418748191,R,Zamfara,-0.6229623333333334
55.0,13.0913221279,6.49623171301,R,Zamfara,-0.7893846666666666
57.0,12.7532944165,6.76940264161,R,Zamfara,-0.6381246153846154
60.0,12.6281196289,6.60551199893,R,Zamfara,-0.477364
61.0,12.5640331648,6.65227748636,R,Zamfara,-1.0173589655172413
62.0,12.3688464563,6.68437275655,R,Zamfara,-0.9269369230769231
63.0,12.0194858012,6.87725414491,R,Zamfara,-0.8326746666666666
64.0,11.8433667126,6.97631679982,R,Zamfara,-0.6760775
66.0,12.1283597257,6.68854732502,R,Zamfara,-0.3584286666666667
67.0,12.3837978837,6.47711601668,R,Zamfara,-1.0803703571428571
68.0,12.2038368737,6.72093454322,R,Zamfara,-0.974816
69.0,12.2409697072,6.57702031216,R,Zamfara,-1.144925
73.0,12.8317638793,8.7497313257,U,Katsina,-0.2581762068965517
74.0,12.985119327,7.94830363178,U,Katsina,-0.0026978571428571407
75.0,12.984868776,7.57909610127,U,Katsina,0.2548062068965517
76.0,12.9687017544,7.60556981105,U,Katsina,-0.290217
77.0,12.9904348535,7.59800044038,U,Katsina,0.4789809090909091
78.0,13.0876722925,7.22835635768,U,Katsina,0.6759868965517242
79.0,12.6506294225,8.05379177957,U,Katsina,-0.5838289999999999
80.0,12.23447686,7.69276160106,U,Katsina,-0.04132793103448276
81.0,11.7955819869,7.59169224617,U,Katsina,-0.30658586206896554
82.0,11.1680653095,7.13733816401,U,Katsina,0.26274931034482757
83.0,11.5274568256,7.31936544472,U,Katsina,0.57184
84.0,12.8141882464,8.92253408936,R,Katsina,-1.3998366666666666
85.0,12.8412896338,8.28910412389,R,Katsina,-0.8390079310344828
86.0,12.9387460544,8.2900149685,R,Katsina,-1.1287310344827588
87.0,13.308941102,7.99271806307,R,Katsina,-0.631105
88.0,12.996537085,7.95332083918,R,Katsina,-0.5257985714285714
89.0,13.0479839515,7.62228260843,R,Katsina,-0.8653528
90.0,13.0766721121,7.19610299726,R,Katsina,-0.06265433333333334
91.0,12.7019579849,7.23013139933,R,Katsina,0.07038285714285714
92.0,13.0113509309,7.72582907185,R,Katsina,-0.03152433333333334
93.0,12.993836282,7.87986064579,R,Katsina,-0.7477983333333333
94.0,12.6877148519,8.02544732225,R,Katsina,-1.2852332142857144
95.0,12.5335626854,7.97572041093,R,Katsina,-0.710348
96.0,12.6423590841,7.8180277146,R,Katsina,-1.211651
97.0,12.6985645752,7.51028601203,R,Katsina,-0.9806906896551724
99.0,12.3156881802,7.46014718081,R,Katsina,-0.7247693103448276
100.0,12.2702901726,7.85534048401,R,Katsina,-0.902691
101.0,12.1388175924,7.47856260973,R,Katsina,-0.7771324999999999
102.0,12.000162703,7.48104935322,R,Katsina,-0.9057096666666666
103.0,12.1675637942,7.83627208543,R,Katsina,-1.1771576666666665
104.0,11.9699104049,7.78079389822,R,Katsina,-1.0689356666666667
105.0,11.7550167207,7.6607946769,R,Katsina,-0.95831
106.0,11.4420009029,7.56175268416,R,Katsina,-0.962665
107.0,11.6034495199,7.34713021159,R,Katsina,-0.7930978571428572
108.0,11.5947236386,7.25816416812,R,Katsina,-0.22754724137931034
109.0,11.4298460906,7.25329568745,R,Katsina,-0.7522763333333333
110.0,11.3508741406,7.31170796813,R,Katsina,-0.9836275
111.0,11.319842409,7.70863410405,R,Katsina,-0.419553
112.0,12.6285747134,9.37638182178,U,Jigawa,-0.48509233333333335
113.0,12.5560451844,9.87692930428,U,Jigawa,-0.2041724137931034
114.0,12.4578134323,10.049722145,U,Jigawa,-0.3461355172413793
115.0,12.0820931948,9.61346686733,U,Jigawa,0.2828944827586207
116.0,11.2734657077,9.89084133337,U,Jigawa,-0.7607333333333333
117.0,12.6794720005,8.30062246577,R,Jigawa,-0.9466073333333332
118.0,12.6481613584,8.39537351253,R,Jigawa,-1.0648196666666667
119.0,12.8123343656,9.02831945853,R,Jigawa,-0.38761966666666664
120.0,12.4861586926,8.91131295434,R,Jigawa,-1.3249923333333333
121.0,12.3180557625,8.9822675909,R,Jigawa,-1.5002286666666664
122.0,12.7485540609,9.18641896612,R,Jigawa,-1.425443
123.0,12.5554416776,9.40270091572,R,Jigawa,-1.336512
124.0,12.8002825295,9.62640788395,R,Jigawa,-1.359513
125.0,12.4832977426,9.77150619877,R,Jigawa,-0.32656142857142856
126.0,12.5919008246,10.1406331212,R,Jigawa,-1.2586473333333332
127.0,12.8991058546,10.1349161046,R,Jigawa,-1.557535185185185
128.0,12.7361990345,10.4449665182,R,Jigawa,-1.5810993333333334
129.0,12.7211238668,10.2958768004,R,Jigawa,-1.1371644827586207
130.0,12.4452134474,10.3588986707,R,Jigawa,-1.2698616666666667
131.0,12.3231290917,10.1180047296,R,Jigawa,-1.1501653333333333
132.0,12.0863572869,10.1116295155,R,Jigawa,-0.6762993103448276
133.0,12.1564297614,9.78509691112,R,Jigawa,-0.9566516666666666
134.0,12.2203691781,9.4401532482,R,Jigawa,-1.1339593333333333
135.0,12.1070093285,8.98280368705,R,Jigawa,-1.1366276666666666
136.0,12.1401216408,9.11252530756,R,Jigawa,-1.226198
137.0,12.0056309659,9.44816383407,R,Jigawa,-1.464523
138.0,11.9151843503,9.73764577925,R,Jigawa,-1.508668
139.0,12.022214839,9.32804477874,R,Jigawa,-1.513924
140.0,11.7370062425,9.32683492685,R,Jigawa,0.3707589655172414
141.0,11.6568738111,9.28375635858,R,Jigawa,-1.0741041379310345
142.0,11.5979786398,9.58313826886,R,Jigawa,-1.5665063333333333
143.0,11.3667433806,9.59250573885,R,Jigawa,-1.383656
144.0,11.4380437924,9.23859091737,R,Jigawa,-1.1162379999999998
145.0,11.376014917,9.68905695139,R,Jigawa,-1.305895
146.0,11.1869942735,9.94386426977,R,Jigawa,-1.043428
147.0,11.0099518625,10.038385362,R,Jigawa,-1.4409093333333334
148.0,12.8781211237,10.4689399526,U,Yobe,-0.08522172413793104
149.0,12.8989563926,11.9333514392,U,Yobe,-1.1872893333333332
150.0,12.86681528,11.0390471905,U,Yobe,-0.28023862068965516
151.0,12.8785959857,11.046309662,U,Yobe,-0.7665596551724138
152.0,11.7303080025,11.9612321874,U,Yobe,0.7040085714285713
153.0,11.7618662892,11.9715069416,U,Yobe,0.08855310344827588
154.0,11.2801563311,11.9958205343,U,Yobe,-0.0024100000000000007
155.0,11.1042554426,11.3691626812,U,Yobe,-0.8167083333333333
156.0,11.7081537261,11.0751390204,U,Yobe,-0.19439299999999998
157.0,11.7231081261,11.0891717152,U,Yobe,-0.14708066666666667
158.0,11.7017767912,11.0754250165,U,Yobe,-0.796306551724138
159.0,13.0091745498,10.2365199594,R,Yobe,-0.8025103333333334
160.0,13.0295366012,10.4519059441,R,Yobe,-1.4537743333333333
161.0,13.2662200711,10.8534981417,R,Yobe,-1.5548816666666667
162.0,13.2976447567,11.5889454948,R,Yobe,-1.5616133333333333
163.0,13.0911963348,11.777323343,R,Yobe,-0.4667407142857143
164.0,12.8405444679,11.7800545403,R,Yobe,-0.7999993333333334
165.0,12.8196936694,11.5851583872,R,Yobe,-0.843249
166.0,12.4325455439,11.2839591417,R,Yobe,-1.4638576666666667
167.0,12.9334158222,10.8405526823,R,Yobe,-1.4187506896551723
168.0,12.8539882629,10.9564344619,R,Yobe,-1.1049093333333333
169.0,12.4493448251,10.8636783627,R,Yobe,-0.8856610344827586
170.0,12.0586565497,10.8296928909,R,Yobe,-1.4737823333333333
171.0,11.9403750717,11.1528944291,R,Yobe,-1.714993
172.0,11.5726602968,11.3010463691,R,Yobe,-1.3705723333333333
173.0,12.1018366048,11.7728308626,R,Yobe,-1.0459603333333334
174.0,11.751382133,12.1707122733,R,Yobe,-0.998443
175.0,11.5652286596,11.8788257899,R,Yobe,-0.6331693103448276
176.0,10.9111741171,11.6679608639,R,Yobe,-1.4391646666666666
177.0,10.6419695977,11.5560705831,R,Yobe,-1.3767073333333333
178.0,11.3867470096,11.2705056755,R,Yobe,-1.2684706666666665
179.0,11.7641330491,11.1582360173,R,Yobe,-1.1610543333333332
180.0,11.8959065339,10.8559338119,R,Yobe,-1.2349933333333332
181.0,13.1092339162,13.826056804,U,Borno,-1.2126093333333332
182.0,12.4927332782,12.7701825575,U,Borno,-1.2159063333333333
183.0,11.7573239204,12.2561310093,U,Borno,-1.0598613793103449
184.0,11.8473444259,13.0450544589,U,Borno,-0.026744999999999998
185.0,11.6491079476,13.4007302446,U,Borno,-1.1948323333333335
186.0,11.849697882,13.1485922604,U,Borno,-0.36524033333333333
187.0,11.8759341203,13.1384197385,U,Borno,-0.200128
188.0,11.8624832688,13.1369756596,U,Borno,-0.45502333333333334
189.0,11.8114395828,13.111890779,U,Borno,-0.46629249999999994
190.0,11.7852317332,13.114875931,U,Borno,0.22415884615384615
191.0,11.841598113,13.1674926366,U,Borno,-0.37088464285714284
192.0,11.8876898018,13.2456603789,U,Borno,-1.4557016666666667
193.0,11.8612759198,13.1691897188,U,Borno,-0.306355
194.0,11.8072900824,13.1932588463,U,Borno,1.2519248275862067
195.0,11.799347815,13.0834569229,U,Borno,-0.244391
196.0,12.4741107599,13.2135796304,U,Borno,-1.470417
197.0,12.6895825254,13.6007821593,U,Borno,-1.5611266666666666
198.0,12.6569903871,13.6114532373,U,Borno,-1.3968226666666665
199.0,11.8758411551,13.2726699303,U,Borno,-1.3919153333333334
200.0,12.0223240586,13.9154467961,U,Borno,-1.15158
203.0,11.515550986,13.7049586745,U,Borno,-0.9735069230769231
204.0,11.2158405111,13.7966859229,U,Borno,-1.0984393333333335
205.0,11.1606379918,12.7561889267,U,Borno,-0.879427
206.0,10.604233032,13.0120231039,U,Borno,-0.96716
207.0,10.5037690393,13.1292545621,U,Borno,-0.7246608695652175
208.0,10.6411357551,12.1821812716,U,Borno,-0.7211413333333334
209.0,10.2330484411,12.0412556166,U,Borno,-0.10635916666666667
210.0,11.7818419106,12.326396415,R,Borno,-0.8952833333333333
212.0,10.5013746627,13.1047670026,R,Borno,-0.7848310344827587
213.0,10.906698816,12.0947092386,R,Borno,-0.9237603846153846
214.0,10.5582526783,11.9206919217,R,Borno,-0.8768466666666667
215.0,10.3416320569,11.5639810867,R,Borno,-1.2400866666666666
216.0,10.222911209,11.9619564322,R,Borno,-1.2133430769230769
217.0,10.4547870186,12.3202332415,R,Borno,-1.2558909999999999
218.0,10.5395230551,12.3067707802,R,Borno,-0.30361464285714285
219.0,10.2597424196,13.264450637,U,Adamawa,-0.37035782608695655
220.0,10.1740897474,12.7295472836,U,Adamawa,-0.7070053333333333
221.0,9.90309874239,11.9212364279,U,Adamawa,-0.5447876666666667
222.0,9.28540027526,12.2265341679,U,Adamawa,-0.8333736666666667
223.0,9.2186438193,12.4405888485,U,Adamawa,0.07491566666666667
224.0,9.30561158768,12.4878042425,U,Adamawa,0.3389922222222222
225.0,8.42525741046,12.0457039165,U,Adamawa,-0.31117433333333333
226.0,10.7357016303,13.5304127992,R,Adamawa,-1.2125164285714285
227.0,10.6054669829,13.4883227057,R,Adamawa,-0.9879772
228.0,10.5991443787,13.4322241245,R,Adamawa,-0.9747238095238095
229.0,10.2889943127,13.2368315962,R,Adamawa,-0.32993357142857144
230.0,10.1099960205,13.2044753896,R,Adamawa,-0.8452538461538462
231.0,10.5756784206,12.7925091297,R,Adamawa,-1.408974347826087
232.0,10.2729542678,12.9405163371,R,Adamawa,-0.3088777777777778
233.0,10.3910842911,12.5585310042,R,Adamawa,-0.4316433333333334
234.0,10.0684937624,12.4146776114,R,Adamawa,-0.9776143333333334
235.0,9.74806128132,12.6017275485,R,Adamawa,-1.0372989655172413
236.0,9.74773930178,12.7062647027,R,Adamawa,-0.9353976666666667
237.0,9.70856819947,12.0878451883,R,Adamawa,-1.296111
238.0,9.7318330765,11.9132958799,R,Adamawa,-0.7905676666666667
239.0,9.6230359144,11.786963132,R,Adamawa,-1.0564163333333334
240.0,9.43419384621,11.6430076008,R,Adamawa,-1.1669370000000001
241.0,9.40429981548,11.8530765872,R,Adamawa,-1.3122641379310347
242.0,9.27918601437,12.4308692355,R,Adamawa,-0.085192
243.0,9.25354379244,12.3689372874,R,Adamawa,0.811696
244.0,9.51637060582,12.4905423368,R,Adamawa,-1.2289330769230769
245.0,9.59323946766,13.0115865744,R,Adamawa,-1.248316
246.0,9.39192698304,12.6585913695,R,Adamawa,-0.7221063333333333
247.0,9.01733852441,12.7258908448,R,Adamawa,-1.3043766666666667
248.0,9.03148890809,12.2499320194,R,Adamawa,-1.3344363333333333
249.0,8.7478829942,11.9676467773,R,Adamawa,-0.376123
250.0,8.61411900377,12.0185732953,R,Adamawa,-0.7314240000000001
251.0,8.73427297355,12.3634391754,R,Adamawa,-1.0711353333333333
252.0,8.55117671941,11.9569648329,R,Adamawa,-0.9456043333333334
253.0,8.35101853614,12.1884955507,R,Adamawa,-1.0913456666666665
254.0,8.57699087672,12.2478295424,R,Adamawa,-1.0944823333333331
255.0,10.8395393663,11.4349337398,U,Gombe,-0.344732
256.0,10.2673734218,11.1499877033,U,Gombe,0.212651
257.0,10.3146101311,11.1763501739,U,Gombe,0.653103
258.0,10.3074375582,11.1872010461,U,Gombe,-0.42724
259.0,10.2879264133,11.1652457346,U,Gombe,0.23126133333333335
260.0,10.2797854458,11.1446608851,U,Gombe,1.1507336666666668
261.0,9.80735262986,11.3129149727,U,Gombe,-0.043307
262.0,11.0576131998,10.969235225,R,Gombe,-1.4900776666666669
263.0,10.8242131701,10.7853898621,R,Gombe,-1.4238436666666667
264.0,11.09473595,11.3252850727,R,Gombe,-0.6106063333333334
265.0,10.9545333827,11.4752370978,R,Gombe,-1.0998483333333333
266.0,10.8331885886,11.5253195652,R,Gombe,-1.405059
267.0,10.4773725743,11.079364622,R,Gombe,-0.7686793333333333
268.0,10.5004682061,11.4065623212,R,Gombe,-1.3139953333333334
269.0,10.4050261892,11.0218825852,R,Gombe,-1.2077933333333335
270.0,10.2673797317,11.1365084936,R,Gombe,0.8952443333333334
271.0,10.2511440342,11.1397977038,R,Gombe,0.6936576666666667
272.0,10.1397599778,11.1572810278,R,Gombe,-1.2713553333333332
273.0,9.86191391756,10.9499183489,R,Gombe,-1.350592
274.0,10.0521830768,11.1775575181,R,Gombe,-1.377675
275.0,10.2891201999,11.2104349772,R,Gombe,-0.10377733333333333
276.0,10.3795408493,11.3345653156,R,Gombe,-1.316672
277.0,10.2080422301,11.5141998915,R,Gombe,-1.1024453333333333
278.0,10.1007488083,11.4916725729,R,Gombe,-1.4047303333333334
279.0,9.99787916499,11.6573303437,R,Gombe,-1.1716436666666667
280.0,9.82123137878,11.6614388426,R,Gombe,-0.7314620000000001
281.0,9.68442931757,11.478119675,R,Gombe,-1.0720393333333333
282.0,9.85473288609,11.44358528,R,Gombe,-0.588372
283.0,9.87803900019,11.219953987,R,Gombe,-0.18190666666666663
284.0,9.81662193163,11.1586824036,R,Gombe,-0.5709666666666667
285.0,9.57625558337,11.2468554568,R,Gombe,-1.5161373333333332
286.0,11.6606085869,10.1797661624,U,Bauchi,0.5925277777777778
287.0,11.2986559444,10.4695608025,U,Bauchi,-0.005639310344827594
288.0,10.9022558534,9.8264092412,U,Bauchi,-0.678045172413793
289.0,10.2756998472,9.85299699175,U,Bauchi,0.36783133333333334
290.0,10.2894949401,9.82792344613,U,Bauchi,0.73183375
291.0,10.3547103788,9.87019886556,U,Bauchi,0.3954851851851852
292.0,9.77557671136,9.54381228693,U,Bauchi,-0.017957599999999997
293.0,12.3755054354,10.3439137975,R,Bauchi,-1.3189955555555557
294.0,12.3316546642,10.7193098918,R,Bauchi,-1.5746265517241378
295.0,12.1282146988,10.7278316247,R,Bauchi,-1.2665035714285715
296.0,11.8103197397,10.8401205566,R,Bauchi,-1.4632788888888888
297.0,11.871392036,10.1509119206,R,Bauchi,-1.4987348148148147
298.0,11.6464044144,10.2136071079,R,Bauchi,-1.4529437037037038
299.0,11.5698634189,10.4158102558,R,Bauchi,-1.1740875
300.0,11.4422018331,10.2311562819,R,Bauchi,-1.2021673333333331
301.0,11.5090832237,9.9122477353,R,Bauchi,-0.8648644827586207
302.0,11.4452222648,10.3730757395,R,Bauchi,-0.5575706896551724
303.0,11.3260894502,10.5148704795,R,Bauchi,-1.2205515384615384
304.0,11.4344138321,10.7910834885,R,Bauchi,-1.4241243333333335
305.0,11.070966972,10.5510006117,R,Bauchi,-1.2755623333333332
306.0,10.8467952115,9.74509706559,R,Bauchi,-0.8218523076923077
307.0,10.868421618,10.3653206567,R,Bauchi,-0.8072260714285714
308.0,10.6592556356,10.1860425699,R,Bauchi,-0.9175622222222223
309.0,11.1747270569,9.74969516251,R,Bauchi,-0.3971496666666667
310.0,10.9275275474,9.06808088554,R,Bauchi,-0.9927689655172415
311.0,11.1712739048,9.4256913124,R,Bauchi,-1.4527065384615385
312.0,11.0304553298,9.55546735047,R,Bauchi,-0.7222565384615384
313.0,10.5998464195,9.09659550004,R,Bauchi,-1.0281218518518518
314.0,10.1305639823,9.39807892789,R,Bauchi,-1.0619207142857143
315.0,10.1009090619,9.07145983671,R,Bauchi,-0.32288071428571424
316.0,10.2741472676,9.7754434744,R,Bauchi,0.1552785185185185
317.0,10.4306850173,10.1165181521,R,Bauchi,-1.4138193333333333
318.0,10.0063626598,9.75444055404,R,Bauchi,-0.6461224999999999
319.0,10.3896712406,10.4086857714,R,Bauchi,-0.3683580769230769
320.0,10.0550095115,10.6470569689,R,Bauchi,-1.2972941666666666
321.0,9.68666947779,10.7449070679,R,Bauchi,-0.9774562499999999
322.0,9.55042769756,10.636448508,R,Bauchi,-1.0657055
323.0,9.87749119795,10.1642636604,R,Bauchi,-1.0716137037037037
324.0,9.73057368023,9.80293984535,R,Bauchi,-1.2537839285714285
325.0,10.0879596847,9.51283136607,R,Bauchi,-1.142045909090909
326.0,9.6251864877,9.57226869004,R,Bauchi,-0.3795952380952381
327.0,12.2182174372,8.24392848126,U,Kano,0.580721724137931
328.0,12.041646671,8.47625511975,U,Kano,-0.3500246666666667
329.0,12.0663929826,8.58261021651,U,Kano,0.54641
330.0,11.965658085,8.44752829525,U,Kano,1.0133376666666667
331.0,12.0466485588,8.47811406115,U,Kano,0.20729250000000002
332.0,12.0011680706,8.50560550319,U,Kano,0.32697866666666664
333.0,12.0108068205,8.52908521225,U,Kano,1.0848906666666667
334.0,11.9973924181,8.57639589411,U,Kano,1.2841606896551723
335.0,12.0061275687,8.61551202051,U,Kano,0.32701766666666665
336.0,12.0290404939,8.54354377946,U,Kano,0.34726433333333334
337.0,11.9657732079,8.51691378224,U,Kano,0.8857603333333334
338.0,11.9625364476,8.43288797005,U,Kano,0.5613654166666667
339.0,11.9379601878,8.4596437103,U,Kano,0.4270153846153846
340.0,11.9448904435,8.50338534096,U,Kano,0.7880896428571429
341.0,11.9636383721,8.59744433267,U,Kano,0.4309171428571429
342.0,11.853175004,9.00300893992,U,Kano,-0.17143758620689653
343.0,11.9157593457,7.9304417947,U,Kano,-0.5581344444444445
344.0,11.8255869197,8.48731360619,U,Kano,-0.08934766666666664
345.0,11.2371853938,8.40140350971,U,Kano,-0.27080074074074073
346.0,12.4059129928,8.25250735186,R,Kano,-0.9904746666666667
347.0,12.4247966823,8.70623876564,R,Kano,-1.00401
348.0,12.1524917224,8.86030334113,R,Kano,-0.4785055172413793
349.0,12.1333977479,8.63554593493,R,Kano,-0.8771896666666666
350.0,12.3211175807,8.16619008139,R,Kano,-1.0478893333333332
351.0,12.3256387347,8.01851397344,R,Kano,-1.0863307142857141
352.0,12.1797529487,8.17091732107,R,Kano,-0.7440493333333333
353.0,12.0116586016,8.4646794747,R,Kano,0.5002946666666667
354.0,12.0167524795,8.50709860623,R,Kano,0.011294642857142852
355.0,11.9160812302,8.51560766059,R,Kano,0.3440044444444444
356.0,11.9824712395,8.75950489774,R,Kano,-0.9173166666666667
357.0,11.9727224012,8.97620336057,R,Kano,-0.8461546428571428
358.0,11.8373814319,9.16573933012,R,Kano,-1.3335855172413793
359.0,11.7966239397,8.63604059058,R,Kano,-1.085719
360.0,11.9190601674,8.28389912953,R,Kano,-0.6917503333333334
361.0,11.8362548963,7.89273586465,R,Kano,-0.7018164285714287
362.0,11.5370913695,7.71893453161,R,Kano,-0.8987139285714285
363.0,11.7334280237,8.21480755173,R,Kano,-0.2963586206896552
364.0,11.6112919847,8.34573559437,R,Kano,-1.1535836666666666
365.0,11.7947046925,8.42992938274,R,Kano,-0.060698
366.0,11.451207535,8.48415168522,R,Kano,-0.7644706666666666
367.0,11.6947388258,8.80342363977,R,Kano,-1.070986818181818
368.0,11.6255092714,9.08259462069,R,Kano,-1.1103556666666667
369.0,11.5697034872,9.08469223472,R,Kano,-0.23745333333333335
370.0,11.3089742444,8.7944044513,R,Kano,-1.0407386206896552
371.0,11.2470494802,8.31844544804,R,Kano,-1.045617
372.0,11.0416185669,7.0865724625,U,Kaduna,-0.5859103333333333
373.0,11.1856923184,7.63086951161,U,Kaduna,0.006471333333333332
374.0,11.1968660487,7.80838262124,U,Kaduna,-0.2679296666666666
375.0,10.687927706,8.27413453028,U,Kaduna,-0.05995620689655172
376.0,11.0816479847,7.71215161237,U,Kaduna,0.47989533333333334
377.0,11.0722508176,7.68046539532,U,Kaduna,0.49017499999999997
378.0,10.6241910078,7.46002175869,U,Kaduna,0.359325
379.0,10.5279399155,7.39021291331,U,Kaduna,0.28235899999999997
380.0,10.5204585127,7.38901699104,U,Kaduna,0.9936963333333334
381.0,10.5602589978,7.47379831746,U,Kaduna,1.1127714285714285
382.0,10.5124513293,7.41257718771,U,Kaduna,0.24714666666666668
383.0,10.4811227346,7.41487081992,U,Kaduna,0.6466043333333332
384.0,10.4801359639,7.39554286532,U,Kaduna,0.8972853333333333
385.0,10.4770946481,7.45054776107,U,Kaduna,0.7312316666666666
386.0,10.5303761313,7.47289753109,U,Kaduna,-0.057837
387.0,9.86544501471,7.95029644939,U,Kaduna,-0.11193633333333333
389.0,11.3173087154,7.50410217596,R,Kaduna,-0.8659396666666666
390.0,11.0413954012,7.33100258164,R,Kaduna,-0.6697176666666667
391.0,11.3021993714,7.81517969227,R,Kaduna,-0.9302286666666667
392.0,11.2873780837,8.05790864278,R,Kaduna,-0.6735690000000001
393.0,11.2037859551,8.15723954479,R,Kaduna,-0.7346316666666667
394.0,11.066975247,8.28209619164,R,Kaduna,-0.773064
395.0,10.7487654518,8.23646096157,R,Kaduna,-0.411783
396.0,11.0454796839,7.97866390997,R,Kaduna,-0.7121080000000001
397.0,10.8653293862,8.02259641978,R,Kaduna,-0.8471486666666667
398.0,10.9678783999,7.41330341119,R,Kaduna,-0.7932193333333333
399.0,10.7831441643,7.60016208721,R,Kaduna,-0.5869890000000001
400.0,10.6247937792,7.53340311712,R,Kaduna,-1.252585
401.0,10.2699853716,7.36305271635,R,Kaduna,-0.22441066666666665
402.0,10.4132602427,7.43689668918,R,Kaduna,0.8312456666666667
403.0,10.468002748,7.95163568646,R,Kaduna,-1.0463713333333333
404.0,10.610529973,8.09812203422,R,Kaduna,-0.9875772413793104
405.0,9.82869137845,8.53932959817,R,Kaduna,-0.9038206666666666
406.0,10.4147065643,8.53116374833,R,Kaduna,-0.8825924137931034
407.0,9.8866174715,8.11116043428,R,Kaduna,-1.0280973333333334
408.0,9.80637206271,8.19559856541,R,Kaduna,-0.528514
409.0,10.3048165715,8.04796446561,R,Kaduna,-1.384137
410.0,9.40420906406,7.85385521771,R,Kaduna,-0.6991736666666667
411.0,9.4936187595,7.96969187071,R,Kaduna,-1.1804106666666667
412.0,9.50191179994,8.51095860025,R,Kaduna,-0.05291733333333334
413.0,9.728422382,8.51700217641,R,Kaduna,-0.24591433333333335
414.0,9.29062490957,8.41280508615,R,Kaduna,-0.628235
415.0,12.7473164251,4.54383976545,U,Kebbi,0.5928821428571428
416.0,12.4620022463,4.19052860115,U,Kebbi,0.1321507142857143
417.0,12.4805364279,4.26540960466,U,Kebbi,0.014635333333333327
418.0,12.214123346,4.39323254373,U,Kebbi,-0.34079366666666666
419.0,11.847706369,3.66080934199,U,Kebbi,-0.37158033333333335
420.0,11.4322043593,4.52011049644,U,Kebbi,-0.7599906666666667
421.0,11.5505408585,4.99979541026,U,Kebbi,-0.5348756666666666
422.0,11.3629162485,5.81891502496,U,Kebbi,-0.8597586666666667
423.0,12.8649399542,4.32385422885,R,Kebbi,-1.5336406896551724
424.0,12.5729308855,3.96413502811,R,Kebbi,-1.5089143333333332
425.0,12.903785755,4.60330938874,R,Kebbi,-1.3872596666666666
426.0,12.842461794,4.69023457373,R,Kebbi,-0.9042051724137931
427.0,12.7252815621,4.35261944421,R,Kebbi,-1.2674303333333334
428.0,12.5260302723,4.77461681182,R,Kebbi,-1.3458073333333334
429.0,12.3832317615,4.7295870828,R,Kebbi,-1.2784366666666667
430.0,12.4625580286,4.25690282808,R,Kebbi,-0.7405003333333333
431.0,12.2927762342,4.33121184041,R,Kebbi,-1.3445296666666666
432.0,12.2319198821,4.26191273353,R,Kebbi,-1.4241750000000002
433.0,11.9689604901,4.24704729635,R,Kebbi,-1.3013386666666666
434.0,12.3324290505,3.94798145798,R,Kebbi,-1.5239362068965518
435.0,12.0357769221,4.06658202552,R,Kebbi,-1.561164
436.0,11.7144040529,4.21679758026,R,Kebbi,-1.2335596551724137
437.0,11.6545293696,3.69599129358,R,Kebbi,-1.4953516666666669
438.0,11.4658285503,3.66495436869,R,Kebbi,-1.7074533333333333
439.0,11.4556979688,4.03810460614,R,Kebbi,-1.4744220000000001
440.0,11.1905681352,4.22080473109,R,Kebbi,-1.429084
441.0,11.2362581288,4.34756269318,R,Kebbi,-1.5775003333333333
442.0,10.4152899487,4.71888963247,R,Kebbi,-0.6248606666666666
443.0,11.4416682979,4.6897495109,R,Kebbi,-1.3154700000000001
444.0,11.0274163,4.69349150839,R,Kebbi,-1.1547576666666666
445.0,11.6188721055,4.75194308728,R,Kebbi,-1.4491253333333334
446.0,11.4931559661,5.04036368112,R,Kebbi,-1.1703393333333334
447.0,11.4719495473,5.22210294894,R,Kebbi,-1.4605623333333333
448.0,11.5939675533,5.16802693194,R,Kebbi,-0.951723
449.0,11.4945514324,5.47594553469,R,Kebbi,-1.221244
450.0,11.285683315,5.43349461995,R,Kebbi,-1.3443518518518518
451.0,10.2036890217,5.40825433585,U,Niger,-0.8261459999999999
452.0,9.4587848715,4.9716827453,U,Niger,-0.7026443333333333
453.0,10.4100729609,5.49502135602,U,Niger,0.4685937931034483
454.0,10.1850957973,6.26710669274,U,Niger,0.23881733333333335
455.0,9.62931870091,6.52093592622,U,Niger,0.7192036363636364
456.0,9.58078297401,6.5582980819,U,Niger,1.63024375
457.0,9.59064704787,6.52854842518,U,Niger,0.5740046428571429
458.0,9.62831882845,6.58797892831,U,Niger,0.40181433333333333
459.0,9.28624715673,5.04455066914,U,Niger,0.3616006666666667
460.0,9.09983710339,6.01088936806,U,Niger,0.35164866666666666
461.0,9.08606669993,5.9942305953,U,Niger,0.44967799999999997
462.0,8.68176075089,6.60972597018,U,Niger,-0.04220766666666666
463.0,9.17030669657,7.18202828935,U,Niger,1.6486728
464.0,9.16745259797,7.19143982732,U,Niger,1.3114892857142857
465.0,9.21389966146,7.2160497985,U,Niger,0.10168965517241378
467.0,10.0712244903,4.46378890515,R,Niger,-0.9973076666666666
468.0,9.75640756753,5.86368301484,R,Niger,-1.1224746666666665
469.0,9.52530633428,5.0189378255,R,Niger,-1.158029
470.0,9.81205195995,4.69219529937,R,Niger,-1.7384825
471.0,10.0638627106,4.84782468346,R,Niger,-1.13392
472.0,10.5634830141,5.59890584081,R,Niger,-0.8565223333333333
473.0,10.6599923697,5.40037681428,R,Niger,-0.9522379999999999
474.0,10.297320736,6.22679271619,R,Niger,-0.295232
475.0,10.0178615025,6.73200911711,R,Niger,-0.7225944827586207
476.0,9.57611701361,6.85054184584,R,Niger,-0.9581034615384615
477.0,9.5419872769,6.25965619813,R,Niger,-0.9854972413793103
478.0,9.54262624624,6.6007293694,R,Niger,1.1452089285714284
479.0,9.4841593986,5.53700717657,R,Niger,-0.851827
480.0,8.91323443127,6.0428655219,R,Niger,-0.7975456666666666
481.0,9.29904479611,5.17508250993,R,Niger,-0.8006876666666667
482.0,8.92466102666,5.84089679405,R,Niger,-0.7723333333333333
483.0,9.33730309712,6.03615907902,R,Niger,-0.88752
484.0,9.04460830113,5.82297975303,R,Niger,-0.9303183333333334
485.0,8.95170900824,6.23907257821,R,Niger,-0.309406
486.0,8.86187827052,6.28039977169,R,Niger,-0.48765366666666665
487.0,8.54112426422,6.62798681053,R,Niger,-0.5914663333333333
488.0,9.39863691365,6.83073209947,R,Niger,-0.3713269230769231
489.0,9.30608249025,7.21825619127,R,Niger,0.40932833333333335
490.0,9.40974607264,7.63057213872,R,Niger,-1.3223703703703704
491.0,9.22025485882,7.41051005287,U,Fct,1.1714
492.0,9.14939056155,7.3525319002,U,Fct,1.5198596551724137
493.0,9.14687165413,7.32326111364,U,Fct,1.5382410344827586
494.0,9.15458624481,7.3803628258,U,Fct,0.9172228571428571
495.0,9.13980645798,7.47954859265,U,Fct,0.5303163333333333
496.0,9.08814242278,7.32795535884,U,Fct,0.38014137931034486
497.0,9.102916256,7.40931725419,U,Fct,1.4956296666666666
498.0,9.03730276551,7.37097676858,U,Fct,1.9010025000000002
499.0,9.06660849969,7.34884749868,U,Fct,1.1708166666666666
500.0,8.94219195583,7.30273971859,U,Fct,0.8049025
501.0,8.98807944327,7.37484331549,U,Fct,1.0778165517241378
502.0,9.00721251585,7.37073168313,U,Fct,1.118189
503.0,8.94923690738,7.45461780067,U,Fct,0.8795893333333333
504.0,8.98817576119,7.41728197956,U,Fct,0.9969596666666667
505.0,8.98576251962,7.43857217793,U,Fct,1.8831232142857142
506.0,8.98905599996,7.49186654362,U,Fct,1.0630789999999999
507.0,9.07327270397,7.47244059739,U,Fct,1.6127593103448277
508.0,9.04400324344,7.55568516937,U,Fct,0.9544041379310345
509.0,8.97903319786,7.5767014026,U,Fct,0.8631214285714286
510.0,8.92572039905,7.57366261583,U,Fct,0.9883344827586207
511.0,8.93769997188,7.0843902028,U,Fct,0.20688066666666668
512.0,8.93051326761,7.09521915057,U,Fct,0.45870533333333335
513.0,8.88191583696,7.22914825397,U,Fct,0.3031137037037037
514.0,9.19599532995,7.3083356864,R,Fct,0.6859596428571428
515.0,9.11535636613,7.28003248322,R,Fct,0.7757358620689655
516.0,9.08977326401,7.43528715455,R,Fct,1.1738546666666667
517.0,9.05470371967,7.43100760975,R,Fct,0.8383473333333333
518.0,9.09016296518,7.34263799272,R,Fct,0.7468641379310345
519.0,8.94206472228,7.36473501019,R,Fct,1.0632153333333334
520.0,8.95395047435,7.49189743471,R,Fct,1.2460771428571429
521.0,9.01756852045,7.56529424522,R,Fct,1.6474146428571428
522.0,9.0908781597,7.1812929986,R,Fct,0.3435206666666667
523.0,9.01493047718,7.03350683298,R,Fct,-0.3107746666666667
524.0,8.8812864617,7.13126566758,R,Fct,-0.33065866666666666
525.0,8.88446795738,7.14610133705,R,Fct,0.8867744827586207
526.0,8.85177623936,7.27916285485,R,Fct,-0.161033
527.0,8.95637437107,7.66827067137,U,Nasarawa,0.7610323333333333
528.0,9.02882810613,7.61091832718,U,Nasarawa,0.6342553333333334
529.0,9.06813298312,7.61777454861,U,Nasarawa,0.7547173333333334
530.0,9.04171893481,7.60074609924,U,Nasarawa,0.9130358620689655
531.0,8.99488500092,7.59992082732,U,Nasarawa,0.8034265517241379
532.0,9.03803384875,7.62842774604,U,Nasarawa,1.4648996551724138
533.0,9.00490130949,7.67320689067,U,Nasarawa,0.9685476923076923
534.0,8.99928916969,7.66003076263,U,Nasarawa,0.5256437037037037
535.0,8.86272505079,7.85984272123,U,Nasarawa,0.6156846666666667
536.0,8.82807284428,7.8726282925,U,Nasarawa,0.40761448275862067
537.0,8.90375449428,8.40243172628,U,Nasarawa,0.5882736666666666
538.0,8.56953475825,8.55582524555,U,Nasarawa,0.34992466666666666
539.0,8.51085816717,8.5198524248,U,Nasarawa,0.8750300000000001
540.0,8.50967373192,8.5064734156,U,Nasarawa,0.560944
541.0,8.39579213861,8.54311755181,U,Nasarawa,0.21329633333333334
542.0,8.39488203123,8.38431980587,U,Nasarawa,0.17551933333333333
543.0,8.56139217328,7.70950185213,U,Nasarawa,0.5783896666666667
544.0,9.29877925689,7.69698811509,R,Nasarawa,-0.7377703333333333
545.0,8.86697660723,7.93668676407,R,Nasarawa,-0.9023140000000001
546.0,8.90493470272,7.72738649374,R,Nasarawa,0.6620886206896551
547.0,8.98617563492,7.61149675957,R,Nasarawa,1.1664183333333333
548.0,8.81495335063,8.01092895364,R,Nasarawa,-0.051610666666666666
549.0,8.48084877707,8.20253281365,R,Nasarawa,-0.6679689999999999
550.0,8.86548108273,8.54864966137,R,Nasarawa,-0.728085
551.0,8.73476136469,8.57968865223,R,Nasarawa,-0.9141316666666667
552.0,8.71135879507,8.75113872389,R,Nasarawa,-0.8335475862068965
553.0,8.51666340206,8.71128416506,R,Nasarawa,-1.2367963333333334
554.0,8.50869044422,8.56164189462,R,Nasarawa,1.7765033333333333
555.0,8.38917035934,8.52521308592,R,Nasarawa,-0.5337253333333333
556.0,8.16809711315,9.12530633602,R,Nasarawa,-0.052454999999999995
557.0,8.42212830978,8.75073375223,R,Nasarawa,-0.19356833333333334
558.0,8.24229437104,8.79656592051,R,Nasarawa,-0.23287433333333332
559.0,7.92823266403,8.30440696695,R,Nasarawa,-0.43865
560.0,8.41638388567,7.74714922361,R,Nasarawa,-0.10237366666666665
561.0,8.54262658834,7.70308201788,R,Nasarawa,0.18019933333333332
562.0,8.2542463808,7.30058623103,R,Nasarawa,-1.1622299999999999
563.0,10.0044935864,8.88649223002,U,Plateau,-0.8365758620689655
564.0,9.90862097193,8.90449311377,U,Plateau,0.5875275
565.0,9.94222504808,8.87442994103,U,Plateau,0.7217544827586206
566.0,9.91598526587,8.86638744755,U,Plateau,0.6039214285714286
567.0,9.83994782988,8.8654171465,U,Plateau,0.7170986666666667
568.0,9.49249342246,9.13239533354,U,Plateau,-0.025499333333333332
569.0,8.90851207675,9.26679243139,U,Plateau,-0.5711444444444445
570.0,9.35557087268,9.95944350799,U,Plateau,0.0029950000000000068
571.0,8.63552775591,9.52519689722,U,Plateau,-0.35221448275862066
572.0,9.98580753973,8.81954396754,R,Plateau,-0.757104
573.0,9.79397512626,8.74881216587,R,Plateau,-0.903166
574.0,9.94031414781,8.91743649222,R,Plateau,0.7911106666666666
575.0,9.86355859948,8.99127844359,R,Plateau,0.06859666666666667
576.0,9.82546695,8.84650891188,R,Plateau,0.14316966666666667
577.0,9.79960188149,8.93561834826,R,Plateau,-0.47652900000000004
578.0,9.72632758275,8.6575788231,R,Plateau,-0.7942560000000001
579.0,9.59401167248,9.04965405264,R,Plateau,-0.7890827272727272
580.0,9.47931597158,8.85526524936,R,Plateau,0.039692666666666675
581.0,9.52485492151,9.25461705166,R,Plateau,-0.7919499999999999
582.0,9.54281220752,9.08857373968,R,Plateau,0.191107
583.0,9.26373313187,9.13630499233,R,Plateau,-0.8548038888888888
584.0,9.40480390804,8.94052808781,R,Plateau,-0.5827833333333333
585.0,9.09921280505,9.05339912526,R,Plateau,-0.9505466666666667
586.0,9.23508748978,8.7956105518,R,Plateau,-0.623636
587.0,8.62120004107,8.9686934105,R,Plateau,-0.7089465517241379
588.0,8.80316199438,9.36506190999,R,Plateau,-1.1729857692307692
589.0,8.5970028266,9.32315296557,R,Plateau,-0.7870656666666667
590.0,9.20157937941,9.46226045085,R,Plateau,-1.312949
591.0,9.29787476022,9.71517026076,R,Plateau,-0.71703
592.0,9.59683007041,10.1584294476,R,Plateau,-1.1455443333333333
593.0,9.35156197607,9.88567511916,R,Plateau,-1.009206
594.0,9.07575530498,10.0579864176,R,Plateau,-1.3541116666666668
595.0,9.20748847863,9.81854441926,R,Plateau,-0.9584916666666667
596.0,9.09951688265,9.8566836953,R,Plateau,-1.1942683333333333
597.0,8.98751081334,9.56868145829,R,Plateau,-1.1696406666666666
598.0,8.90823347558,9.36377100442,R,Plateau,-1.1630303333333332
599.0,8.70023477348,9.61932776826,R,Plateau,-1.0911366666666666
600.0,8.82726293871,9.8720718141,R,Plateau,-1.332467
601.0,8.65919093631,9.70818483461,R,Plateau,-0.7722096551724138
602.0,9.04302907087,11.2022124991,U,Taraba,-0.78027375
603.0,8.90195818578,11.3936600641,U,Taraba,-0.0012799999999999953
604.0,8.88518069726,11.3763689263,U,Taraba,0.28764839999999997
605.0,8.6370793318,10.7663282897,U,Taraba,-0.09937793103448275
606.0,8.16505690149,9.74938297015,U,Taraba,-0.20070857142857143
607.0,7.85994978087,9.75612902974,U,Taraba,0.6257367857142857
608.0,7.97265444948,11.0117381275,U,Taraba,-0.7949946153846154
609.0,6.71796225267,11.2641283471,U,Taraba,-0.7494067857142858
610.0,7.25170946718,10.0197315744,U,Taraba,-0.5273575
611.0,7.48868824694,10.3655937278,U,Taraba,-0.26696103448275865
612.0,9.27227579022,10.6598767412,R,Taraba,-1.1528175862068966
613.0,9.33012754851,11.2264581837,R,Taraba,-1.0275646666666667
614.0,8.99958743721,10.6973165679,R,Taraba,-1.337230476190476
615.0,9.07401089574,11.4086253596,R,Taraba,-0.985465
616.0,8.8634150814,11.3060801433,R,Taraba,-0.4565003448275862
617.0,8.94659639277,11.3650032227,R,Taraba,0.08484925925925925
618.0,8.93071231251,11.3954519772,R,Taraba,0.6962560869565217
619.0,8.97293208287,11.5342960781,R,Taraba,-1.187531724137931
620.0,8.912906179,11.8368880983,R,Taraba,-1.355861724137931
621.0,8.53980206554,10.438615114,R,Taraba,-0.953591724137931
622.0,8.50505676206,10.6374846299,R,Taraba,-1.0527976923076923
623.0,8.35075598821,9.64182761632,R,Taraba,-1.1179941379310345
624.0,8.03743581209,9.50594674489,R,Taraba,-1.3797339130434783
625.0,8.21203279929,10.0750945353,R,Taraba,-1.3182195454545456
626.0,8.58738629747,11.2558614127,R,Taraba,-1.24222375
627.0,8.29771683681,10.9505588222,R,Taraba,-1.2778918518518518
628.0,7.93180299633,11.0078834295,R,Taraba,-0.8624974999999999
629.0,7.5663308737,10.4261289841,R,Taraba,-1.3420425
630.0,7.41710680514,11.2747313544,R,Taraba,-0.7361248148148148
631.0,6.65627618203,11.4576302824,R,Taraba,-0.8531856666666666
632.0,6.86371998411,11.0213700339,R,Taraba,-1.0595991666666666
633.0,7.3493285556,10.5436747695,R,Taraba,-0.5744596296296296
634.0,7.17182755938,9.96073969911,R,Taraba,-0.6139678571428571
635.0,7.3683656877,10.1393800428,R,Taraba,-1.1991952000000001
636.0,7.69769631737,9.97534408175,R,Taraba,-1.006185925925926
637.0,7.73963904618,8.49538564204,U,Benue,0.47251689655172413
638.0,7.70742474046,8.59696251937,U,Benue,0.6959336666666667
639.0,7.71665930526,8.51553346863,U,Benue,0.9956210344827586
640.0,7.75828897733,8.62221861223,U,Benue,0.25372300000000003
641.0,7.80264502539,9.24727235889,U,Benue,-0.26380333333333333
642.0,7.49262875203,9.61920992416,U,Benue,-0.3166479310344828
643.0,7.19126376844,9.27832553143,U,Benue,-0.314813
644.0,7.35523307254,9.00939346687,U,Benue,0.05651137931034482
645.0,7.30870406432,8.99478572394,U,Benue,0.532052
646.0,7.30178261154,8.47094126576,U,Benue,-0.202069
647.0,7.06233267351,8.6620744787,U,Benue,0.16396375
648.0,7.00636468481,9.02558660257,U,Benue,0.09791066666666666
649.0,7.66099565361,7.73094948687,R,Benue,-0.6287496666666667
650.0,7.78023869579,8.47404169752,R,Benue,-0.9923428571428571
651.0,8.01271440663,8.62784794508,R,Benue,-0.7839023333333334
652.0,7.73920662665,9.2809695658,R,Benue,-0.22393933333333335
653.0,7.80493401349,9.4883754138,R,Benue,-1.0367551724137931
655.0,7.6935898843,9.83805587256,R,Benue,-0.7305276666666667
657.0,7.20861036432,9.49400090734,R,Benue,-0.9654919999999999
658.0,7.26314520378,9.39924667715,R,Benue,-0.9124613333333333
659.0,7.3738808796,9.36590748863,R,Benue,-0.7921595
660.0,7.1862694419,9.1887245271,R,Benue,-0.36763571428571434
661.0,7.44193373439,8.70143287261,R,Benue,-1.233311724137931
662.0,7.45144326119,8.97331442735,R,Benue,-0.2612623333333334
663.0,7.65006387876,8.63885713757,R,Benue,-0.9687467857142857
664.0,7.12707409824,8.32075623231,R,Benue,-1.0119820689655172
665.0,7.23067921141,8.17511497059,R,Benue,1.404204
666.0,7.12782056028,7.95079072008,R,Benue,-0.362436
667.0,7.16706414355,7.6892141813,R,Benue,0.12554966666666667
668.0,6.94333746057,8.09203470786,R,Benue,-0.8747945833333333
669.0,6.98955953192,8.33243864576,R,Benue,-0.40044736842105266
670.0,6.81196485305,8.62308158237,R,Benue,-0.7910776666666667
671.0,6.99750689988,8.87825082718,R,Benue,-0.7128226666666666
672.0,7.06093091734,8.51947452609,R,Benue,-0.8474694736842106
673.0,7.05726305139,9.12211823513,R,Benue,-0.9295136666666667
674.0,7.05683463353,9.42947399813,R,Benue,-1.0963092857142858
675.0,6.81509824484,9.33988710224,R,Benue,-0.7961666666666667
676.0,6.8990277155,9.09688979406,R,Benue,-0.9834910000000001
677.0,6.86473336968,9.05070501863,R,Benue,-0.585589
678.0,8.26491683605,5.84077834512,U,Kogi,0.30099933333333334
679.0,7.8577243475,6.07286414139,U,Kogi,0.9502026666666666
680.0,7.54776069494,6.19982349023,U,Kogi,0.030064333333333335
681.0,7.55543388959,6.23676106141,U,Kogi,-0.03805666666666667
682.0,7.57037438749,6.19040660054,U,Kogi,0.08642551724137931
683.0,7.87115069234,6.44282771149,U,Kogi,-1.3919617857142856
684.0,7.83466648822,6.73803780562,U,Kogi,0.6867096666666667
685.0,7.81732617132,6.69642026498,U,Kogi,1.452643
686.0,7.48269564077,7.17596867988,U,Kogi,0.7763826666666667
687.0,7.49293308041,7.18872019968,U,Kogi,0.7581055172413793
688.0,7.39970204726,7.63837999697,U,Kogi,0.4720355172413793
689.0,7.17329635496,6.82675330771,U,Kogi,0.1770320689655172
690.0,7.10674508873,6.7430857599,U,Kogi,0.6524379310344828
691.0,8.34830550209,5.73348288093,R,Kogi,-1.369620344827586
692.0,7.87930684572,6.04139218999,R,Kogi,0.0815144827586207
693.0,7.79863834297,6.0775361479,R,Kogi,0.3588556666666667
694.0,7.63839042103,6.19573998052,R,Kogi,0.06297166666666666
695.0,7.76076937944,6.57004084499,R,Kogi,-1.5319138888888888
696.0,7.69009518185,6.72888796705,R,Kogi,-0.3781944
697.0,7.26646583742,6.58527029792,R,Kogi,-0.8621833333333334
698.0,8.04086169952,6.76650534913,R,Kogi,0.26465666666666665
699.0,8.27350071945,6.86303499169,R,Kogi,-0.11054133333333332
700.0,8.04013217221,7.43340329919,R,Kogi,-0.9957803333333334
701.0,7.68816203223,7.32262295616,R,Kogi,-0.5181123333333333
702.0,7.50837056848,7.1961012726,R,Kogi,-0.45328178571428573
703.0,7.48144028706,6.95910115207,R,Kogi,-0.6904627586206897
704.0,7.58085795489,7.48485921844,R,Kogi,-0.4382006896551724
705.0,7.481568196,7.662708108,R,Kogi,-0.17506866666666668
706.0,7.36682744012,7.58758923058,R,Kogi,-0.36999827586206896
707.0,7.28234380172,7.57283332809,R,Kogi,-0.838432
708.0,7.45381502257,6.75936016866,R,Kogi,-0.9903773333333333
709.0,7.2334802742,6.87194903364,R,Kogi,-0.8039120689655173
710.0,7.17976534759,6.74488984588,R,Kogi,-0.6770056666666666
711.0,7.20737509107,7.06091867622,R,Kogi,-0.706269
712.0,6.95386898815,6.82085197101,R,Kogi,-0.953677
713.0,6.60344909868,6.73693684072,R,Kogi,-0.9360858620689655
714.0,9.46753721419,3.17936473397,U,Kwara,-0.44028766666666663
715.0,8.69267286999,4.47416078751,U,Kwara,0.77567
716.0,8.86406452651,5.41428897797,U,Kwara,-0.07247466666666666
717.0,8.41875956425,4.62526236777,U,Kwara,0.5709386666666667
718.0,8.49350545219,4.55592241014,U,Kwara,0.714261
719.0,8.53517912211,4.51317667272,U,Kwara,0.722032
720.0,8.5049461414,4.54690253539,U,Kwara,0.3419276666666667
721.0,8.51800161852,4.54046928334,U,Kwara,-0.06863666666666667
722.0,8.50145326236,4.53949934041,U,Kwara,0.34879533333333335
723.0,8.49278864439,4.52280270127,U,Kwara,0.6428876666666666
724.0,8.48263143388,4.54941270792,U,Kwara,0.34833166666666665
725.0,8.49223560967,4.51729718209,U,Kwara,0.242858
726.0,8.45016907775,4.51651445014,U,Kwara,0.9588106666666666
727.0,8.14367513935,4.68911714742,U,Kwara,1.000162
728.0,8.1836199342,4.71186405097,U,Kwara,1.0909383333333333
729.0,8.24445719792,4.79921338206,U,Kwara,0.8500993333333333
730.0,9.23803855679,3.59970139737,R,Kwara,-1.151831
731.0,9.00935192622,3.55770524387,R,Kwara,-1.397444
732.0,9.06026720798,3.01968898602,R,Kwara,-1.2665383333333333
733.0,9.72362146626,4.22530074471,R,Kwara,-0.45545399999999997
734.0,9.17060730114,4.44369341914,R,Kwara,-1.508965
735.0,9.33467548918,4.18583729458,R,Kwara,-1.0492029999999999
736.0,8.54762958888,4.64009892964,R,Kwara,0.22559833333333332
737.0,8.86998093369,4.78195814394,R,Kwara,-1.4941453333333332
738.0,8.94091413312,4.98992397136,R,Kwara,-0.2513396666666667
739.0,8.64310324076,5.44972240993,R,Kwara,-1.5818693333333333
740.0,8.76050946883,5.04431086638,R,Kwara,-1.544949
741.0,8.4074089262,4.84121161062,R,Kwara,0.31181896551724136
742.0,8.48168365133,4.5933170795,R,Kwara,1.112538
743.0,8.46631340118,4.60081546511,R,Kwara,1.4247457142857143
744.0,8.5517019382,4.66167977282,R,Kwara,0.3758453333333333
745.0,8.44939604635,4.51620725069,R,Kwara,0.710539
746.0,8.41786943281,4.57721223135,R,Kwara,1.0124086666666667
747.0,8.40328701893,4.47726870368,R,Kwara,0.7360025
748.0,8.15212514907,4.75924844775,R,Kwara,1.0521559999999999
749.0,8.15270829495,5.17085030995,R,Kwara,0.041657333333333324
750.0,8.06406145551,5.25827752913,R,Kwara,0.242115
751.0,9.08752256959,3.83235616801,U,Oyo,0.5000296666666667
752.0,8.69193728727,3.38860323635,U,Oyo,0.559675
753.0,8.67415825602,3.37609206605,U,Oyo,0.21341933333333332
754.0,7.87626736275,3.93012836902,U,Oyo,0.6853060000000001
755.0,8.14355060601,4.22742332177,U,Oyo,0.8717363333333333
756.0,8.14122501992,4.26141961514,U,Oyo,1.031081111111111
757.0,8.12831882811,4.23338848326,U,Oyo,0.11899566666666667
758.0,7.81428346504,3.93036286356,U,Oyo,1.020633
759.0,7.98661057361,3.60996730782,U,Oyo,0.8141996666666667
760.0,8.10489036768,3.36028116297,U,Oyo,0.1862373333333333
761.0,7.56873631773,3.24466930476,U,Oyo,-0.031053333333333332
762.0,7.54069073827,3.41249766128,U,Oyo,0.2008933333333333
763.0,7.45102702053,3.80963128322,U,Oyo,0.9973453571428571
764.0,7.38386825354,3.7634709217,U,Oyo,0.864609
765.0,7.35226559042,3.83170921209,U,Oyo,1.2120959999999998
766.0,7.57350636224,3.87639851306,U,Oyo,1.102214
767.0,7.53081900134,3.91644822543,U,Oyo,1.0036843333333334
768.0,7.44618781477,3.93894631899,U,Oyo,0.9724473333333333
769.0,7.40599770821,3.94471307341,U,Oyo,0.8573944827586206
770.0,7.44238261594,3.9120045919,U,Oyo,0.9303326666666667
771.0,7.38834121215,3.89634883593,U,Oyo,0.9650960000000001
772.0,7.39173578626,3.86667974922,U,Oyo,1.028551
773.0,7.36983137981,3.87193998528,U,Oyo,1.0780739285714287
774.0,7.35931728333,3.91776472502,U,Oyo,0.8315023333333333
775.0,7.3642854709,3.89451442982,U,Oyo,0.8811283333333333
776.0,7.3805644127,3.91334876013,U,Oyo,0.5568783333333334
777.0,7.44563400922,4.01164567713,U,Oyo,1.081882962962963
778.0,7.40232158342,4.00160793005,U,Oyo,0.6415299999999999
779.0,7.37990722313,3.94556768079,U,Oyo,0.6364296666666667
780.0,7.37577086694,3.94427539056,U,Oyo,0.7049658620689655
781.0,7.36756648479,3.95033357135,U,Oyo,0.636567
782.0,7.3532745941,4.01300594885,U,Oyo,0.8971327586206896
783.0,7.29814414826,3.85730123175,U,Oyo,1.057685
784.0,7.2980755546,3.89392086944,U,Oyo,0.8446914814814815
785.0,7.33355595723,3.94136007265,U,Oyo,0.88443
786.0,8.78138703369,3.61423631844,R,Oyo,-0.40474166666666667
787.0,8.42149277507,3.31596923648,R,Oyo,-1.2960396666666667
788.0,8.4800237674,4.06736143709,R,Oyo,-1.0670846666666667
789.0,8.06647946828,4.47227400079,R,Oyo,-0.6195776666666667
790.0,7.9409748586,3.58607075239,R,Oyo,0.426972
791.0,7.50585829251,3.09392667392,R,Oyo,-0.9983380000000001
792.0,7.62827460756,3.73270614948,R,Oyo,-0.558273
793.0,7.25890670044,3.77853738532,R,Oyo,0.239136
794.0,8.03142438435,4.88871937134,U,Osun,0.3961837931034483
795.0,7.93943172371,4.78266578941,U,Osun,0.14187233333333332
796.0,8.03290212496,4.66141631735,U,Osun,0.914235
797.0,7.91582677311,4.65570773553,U,Osun,0.6652342857142858
798.0,7.91646720139,4.57712358718,U,Osun,0.06859333333333333
799.0,7.77854406075,4.55989664568,U,Osun,0.6252026666666667
800.0,7.80973814406,4.5728424387,U,Osun,1.398239
801.0,7.81649292519,4.48507132442,U,Osun,0.6877556666666667
802.0,7.81503942126,4.53634801929,U,Osun,1.299391
803.0,7.79425149541,4.47284387984,U,Osun,1.4607526666666668
804.0,7.77147905323,4.54245186935,U,Osun,0.4217943333333333
805.0,7.75663287264,4.58757755923,U,Osun,1.3025303333333333
806.0,7.90064475643,4.71335908791,U,Osun,0.5490585185185185
807.0,7.88273626723,4.666013184,U,Osun,0.5627107142857143
808.0,7.56545999906,4.89779516845,U,Osun,0.433457
809.0,7.59626591022,4.73695882128,U,Osun,0.7481829999999999
810.0,7.61036381943,4.79118874,U,Osun,1.1477603333333335
811.0,7.64589931284,4.76110324603,U,Osun,0.9234843333333334
812.0,7.73685258459,4.42371028437,U,Osun,0.8112683333333333
813.0,7.72836254418,4.43108556104,U,Osun,0.3225843333333333
814.0,7.69895931229,4.45455411765,U,Osun,1.0800896551724137
815.0,7.89198207135,4.29676981627,U,Osun,0.406649
816.0,7.62746812874,4.17937118377,U,Osun,0.3226773333333333
817.0,7.62107759265,4.19640180723,U,Osun,0.23743433333333333
818.0,7.37110910341,4.18414521105,U,Osun,0.23484566666666667
819.0,7.34389001057,4.1666292684,U,Osun,0.7913403333333334
820.0,7.54769480155,4.39505710665,U,Osun,0.5780636666666666
821.0,7.52031037591,4.44814422534,U,Osun,1.022028
822.0,7.5244134218,4.57084777103,U,Osun,1.226199
823.0,7.47151902658,4.56274589808,U,Osun,0.5318448275862069
824.0,7.50030744557,4.57675506086,U,Osun,1.2514036666666668
825.0,7.47178392932,4.53064470436,U,Osun,0.7864450000000001
826.0,8.03512987882,4.70073444238,R,Osun,0.514838
827.0,7.61460355398,4.82909669964,R,Osun,0.293886
828.0,7.9284129825,4.23615682479,R,Osun,0.2917983333333333
829.0,7.41545281197,4.32534099866,R,Osun,-0.8480876666666667
830.0,7.29616021658,4.59580742813,R,Osun,-0.5208836666666666
831.0,7.16444801613,4.63335381869,R,Osun,-0.6689203333333332
832.0,7.97927191024,5.14900974382,U,Ekiti,0.11377866666666668
833.0,7.79854555818,5.3511844894,U,Ekiti,0.353713
834.0,7.80558274772,5.33842220794,U,Ekiti,0.6989876666666667
835.0,7.78640761916,5.51350079387,U,Ekiti,0.5848128571428571
836.0,7.76240125859,5.74508866424,U,Ekiti,0.20901799999999998
837.0,7.60394013481,5.47936533532,U,Ekiti,0.25960214285714284
838.0,7.64294614926,5.23242748526,U,Ekiti,1.3338393333333334
839.0,7.60326030228,5.2274505468,U,Ekiti,1.1301626666666666
840.0,7.61628730878,5.22275740475,U,Ekiti,0.4669916666666667
841.0,7.65296685382,5.25227382647,U,Ekiti,1.5294983333333334
842.0,7.66384752358,5.22242642634,U,Ekiti,0.9056366666666666
843.0,7.62192554655,5.19727499796,U,Ekiti,1.0332363333333334
844.0,7.62563621459,5.19337588921,U,Ekiti,0.8722003333333334
845.0,7.60436328743,5.26042753386,U,Ekiti,1.0455743333333334
846.0,7.67431663588,5.15008142437,U,Ekiti,1.0416723333333333
847.0,7.93167268303,5.15227537709,U,Ekiti,0.08562966666666667
848.0,7.79299332811,5.25087963543,U,Ekiti,0.62085
849.0,7.80338047343,5.0748477739,U,Ekiti,0.3878163333333333
850.0,7.83313169634,4.92430178293,U,Ekiti,0.35793148148148146
851.0,7.69961822141,4.92648242482,U,Ekiti,0.8773899999999999
852.0,7.49891954613,5.06677032856,U,Ekiti,0.15516833333333332
853.0,7.50871396688,5.20983476005,U,Ekiti,0.9317453333333333
854.0,7.48898589555,5.23400577844,U,Ekiti,0.34393366666666664
855.0,7.51694187467,5.46715013475,U,Ekiti,0.06350233333333334
856.0,7.43116417298,5.47352674815,U,Ekiti,0.22447333333333333
857.0,7.88600521935,5.35612225722,R,Ekiti,0.41257166666666667
858.0,7.7868532362,5.54737745804,R,Ekiti,-0.8698286666666667
859.0,7.55813945348,5.55910543402,R,Ekiti,-0.14567066666666667
860.0,7.72065251317,5.15271890052,R,Ekiti,0.099651
861.0,7.82884992883,4.9772163864,R,Ekiti,-0.74111
862.0,7.47320674908,5.44496740139,R,Ekiti,0.0774
863.0,7.65025898265,5.75829172699,U,Ondo,0.2997262068965517
864.0,7.51890954317,5.75845211577,U,Ondo,0.45918793103448274
865.0,7.46780951639,5.75110402275,U,Ondo,0.6671073333333334
866.0,7.46473667884,5.74419937176,U,Ondo,0.8562243333333334
867.0,7.25296454967,5.591231003,U,Ondo,0.4226263333333333
868.0,7.22225000001,5.5779552677,U,Ondo,1.0307216666666668
869.0,7.30263969856,5.25644690598,U,Ondo,1.0503610714285714
870.0,7.23830997191,5.17869700294,U,Ondo,1.1944907407407408
871.0,7.29527407923,5.14320310569,U,Ondo,1.1796936666666666
872.0,7.27897877073,5.17464056009,U,Ondo,1.2446731034482759
873.0,7.24910579699,5.18852179599,U,Ondo,0.8934936666666666
874.0,7.19956230023,5.18512512072,U,Ondo,1.311424285714286
875.0,7.22972397233,5.17853327783,U,Ondo,0.9534883333333333
876.0,7.17602639552,5.22959697349,U,Ondo,0.8868293103448275
877.0,7.2218043847,4.87952387856,U,Ondo,1.2669944827586208
878.0,7.12677496117,4.80908726691,U,Ondo,1.1882725
879.0,7.10066180416,4.84549748788,U,Ondo,0.9149853333333333
880.0,7.07453520726,4.82364072997,U,Ondo,0.948471
881.0,7.12625513607,5.11497085997,U,Ondo,0.6065493103448275
882.0,6.78302699163,4.86582713129,U,Ondo,0.8201126666666666
883.0,6.73909675787,4.89052538304,U,Ondo,0.7414143333333333
884.0,6.57255762259,4.760311268,U,Ondo,0.8942575862068965
885.0,6.49732190939,4.77025193396,U,Ondo,0.664555
886.0,6.47645837965,4.88163469158,U,Ondo,0.32752666666666663
887.0,7.45359320823,5.80678899472,R,Ondo,0.6332631034482759
888.0,7.26551117406,5.42631277183,R,Ondo,0.674607
889.0,7.39658149113,5.25251902915,R,Ondo,0.43582099999999996
890.0,7.35342885784,5.14602875684,R,Ondo,-0.08285366666666666
891.0,6.95007682335,4.75785924774,R,Ondo,-0.41924633333333333
892.0,7.07057305095,5.34097787527,R,Ondo,0.10298862068965517
893.0,6.65214811275,4.52101430227,R,Ondo,-0.7379371428571428
894.0,6.82592626808,4.90103583627,R,Ondo,-0.40715833333333334
895.0,6.4348657829,4.73333483182,R,Ondo,0.38706633333333335
896.0,6.28506446042,4.96039429147,R,Ondo,-0.013496666666666664
897.0,6.45082652856,4.56036955514,R,Ondo,0.09481133333333333
898.0,6.13834874384,4.7856372285,R,Ondo,-0.30730857142857143
899.0,5.86548207151,5.01449480875,R,Ondo,-0.38891416666666667
900.0,7.25534611785,6.10173295629,U,Edo,1.0662655172413793
901.0,7.11108106647,6.69108107312,U,Edo,0.3691682758620689
902.0,7.10223533334,6.2942881866,U,Edo,0.9449866666666666
903.0,7.05821748187,6.28725443689,U,Edo,0.770288275862069
904.0,6.85931780334,6.25932857776,U,Edo,0.4441048275862069
905.0,6.87441869183,5.95105436934,U,Edo,0.42176785714285714
906.0,6.75680409355,6.13846388881,U,Edo,1.458912
907.0,6.75586508963,6.23233495756,U,Edo,0.9224373333333333
908.0,6.67856789355,6.32566490049,U,Edo,0.9925043333333333
909.0,6.48954921141,6.23248033489,U,Edo,0.6791432142857143
910.0,6.36867815535,5.71219674407,U,Edo,1.2076216666666668
911.0,6.79116989922,5.50416922696,U,Edo,0.3847013793103448
912.0,6.43678632962,5.59580232746,U,Edo,1.023644347826087
913.0,6.40876521305,5.57123401121,U,Edo,0.71182
914.0,6.38440686565,5.58761466307,U,Edo,1.0810413333333335
915.0,6.37018606182,5.62642065598,U,Edo,1.033295
916.0,6.39017505607,5.58878731919,U,Edo,0.985785
917.0,6.34681719917,5.57608431094,U,Edo,1.1230213333333334
918.0,6.36718133499,5.64851646554,U,Edo,1.1620506896551723
919.0,6.33545512753,5.63149914232,U,Edo,1.1154893103448276
920.0,6.27727382349,5.71975006388,U,Edo,1.3100344827586208
921.0,6.34846661776,5.6423636044,U,Edo,0.7786087500000001
922.0,6.28524036525,5.65490722571,U,Edo,1.208754827586207
923.0,6.3456201661,5.61231909955,U,Edo,0.9885446666666666
924.0,6.34869649077,5.68132218436,U,Edo,0.921404
925.0,6.31517688677,5.61226872765,U,Edo,1.1407906666666667
926.0,6.26450140178,5.63558565467,U,Edo,1.4140313793103447
927.0,6.31384449081,5.5908505001,U,Edo,1.3422990000000001
928.0,6.27907992108,5.63433228324,U,Edo,0.9352586666666667
929.0,6.13972272512,5.66095672123,U,Edo,0.7501506666666666
930.0,7.36649267515,6.23175179231,R,Edo,-0.22414433333333333
931.0,7.09981234497,6.38355640001,R,Edo,0.5151693103448276
932.0,6.70914808843,6.18799427823,R,Edo,0.3797443333333333
933.0,6.3910092447,5.99532079404,R,Edo,-0.5430533333333333
934.0,6.70271022164,5.34610609913,R,Edo,-0.49048173913043475
935.0,6.2437298742,5.51185777819,R,Edo,0.9498873333333333
936.0,6.34143971231,6.98741693591,U,Anambra,0.32645633333333335
937.0,6.18703771376,6.80065316766,U,Anambra,1.6543033333333335
938.0,6.19830737428,7.06589671803,U,Anambra,1.1469437931034483
939.0,6.24920327365,7.10578196241,U,Anambra,1.5086653333333333
940.0,6.16585195337,7.07280030118,U,Anambra,0.949328
941.0,6.12565125693,6.856278695,U,Anambra,0.8465676666666667
942.0,6.12337168556,6.80555128874,U,Anambra,1.5523673333333332
943.0,6.14258522766,6.82770659334,U,Anambra,1.135928
944.0,6.15029941106,6.79815275989,U,Anambra,1.0873643333333334
945.0,6.14001312552,6.78369021003,U,Anambra,1.0008443333333334
946.0,5.97189896102,6.74354349428,U,Anambra,0.442502
947.0,6.11712201307,6.7908946354,U,Anambra,0.9490796666666667
948.0,6.05843407615,6.86028471816,U,Anambra,0.8784069999999999
949.0,6.04355083732,6.90098069163,U,Anambra,1.3184013333333333
950.0,6.01106472731,6.93729425211,U,Anambra,0.949375
951.0,6.04201700934,6.86711820402,U,Anambra,0.7349996666666667
952.0,5.92170975306,6.85796037337,U,Anambra,0.6563286666666667
953.0,5.88930699975,6.82348769654,U,Anambra,0.49767535714285716
954.0,5.77439169333,6.86177132383,U,Anambra,0.6848556666666668
955.0,5.91135655486,6.98713625504,U,Anambra,0.7651353333333333
956.0,6.02411326483,7.0373543409,U,Anambra,0.8152776666666667
957.0,5.93453018161,7.15365015802,U,Anambra,0.3338466666666667
958.0,6.00041434287,7.23234316408,U,Anambra,0.6880396666666667
959.0,6.48178733815,6.72492992266,R,Anambra,-0.3415596666666667
960.0,6.63508623079,6.9230897738,R,Anambra,-1.1369273333333332
961.0,6.26684942411,6.82429660442,R,Anambra,1.024059
962.0,6.19376564873,6.90830297504,R,Anambra,0.7299636666666667
963.0,6.187610255,6.96694226208,R,Anambra,0.9910403333333334
964.0,6.17744942622,7.00779873474,R,Anambra,1.142254
965.0,6.21211285891,7.16653283242,R,Anambra,0.04074733333333334
966.0,6.06257026461,7.09553070669,R,Anambra,1.328994
967.0,6.09008793631,7.06770184449,R,Anambra,0.7969436666666667
968.0,6.12702977394,6.98870061165,R,Anambra,0.7939503333333333
969.0,6.12720984674,6.85516181418,R,Anambra,0.8789336666666666
970.0,6.15663282952,6.82332949718,R,Anambra,1.6447360000000002
971.0,6.10910911987,6.97902171059,R,Anambra,0.4208323333333333
972.0,6.05306359841,6.93175179328,R,Anambra,1.053857
973.0,5.82692056233,6.85350905272,R,Anambra,0.308282
974.0,7.08221680995,7.47150833687,U,Enugu,-0.18771233333333334
975.0,7.00919597831,7.46320213916,U,Enugu,-0.20397966666666667
976.0,7.01172672614,7.4930110931,U,Enugu,0.1585423333333333
977.0,6.99144364678,7.36903960104,U,Enugu,-0.11037466666666668
978.0,6.8907449439,7.45533762857,U,Enugu,-0.09428233333333334
979.0,6.87352253705,7.49203166245,U,Enugu,0.24393600000000001
980.0,6.65223579537,7.7811029548,U,Enugu,-0.29991833333333334
981.0,6.72777260177,7.44853187117,U,Enugu,-0.17506633333333335
982.0,6.85349401741,7.40898177712,U,Enugu,0.7318853333333333
983.0,6.83535809925,7.37827425337,U,Enugu,0.6535741379310345
984.0,6.80810805849,7.42358410918,U,Enugu,-0.13676633333333335
985.0,6.42826242484,7.41961685361,U,Enugu,1.4149889999999998
986.0,6.50780382956,7.5002111071,U,Enugu,1.505146
987.0,6.4592968114,7.59821902765,U,Enugu,0.8285813333333334
988.0,6.48022275232,7.50646932335,U,Enugu,0.7415916666666666
989.0,6.48363968455,7.49964653532,U,Enugu,0.335557
990.0,6.41078228651,7.47373565014,U,Enugu,1.0556382142857144
991.0,6.45892343692,7.50302883259,U,Enugu,0.7992623333333333
992.0,6.44264700651,7.52693362585,U,Enugu,0.6887290476190476
993.0,6.40353152038,7.54064336966,U,Enugu,1.0110916666666667
994.0,6.41374640094,7.48270556057,U,Enugu,0.6712425
995.0,6.42699685647,7.5843605883,U,Enugu,-0.592705
996.0,6.12527360809,7.53054617368,U,Enugu,0.39161466666666667
997.0,6.10279988377,7.51121854474,U,Enugu,0.344042
998.0,6.14286917182,7.24881640153,U,Enugu,0.05220586206896551
999.0,6.94426069128,7.3462122225,R,Enugu,-0.15011000000000002
1000.0,6.76918844307,7.67174936847,R,Enugu,0.070576
1001.0,6.67112524805,7.44809648084,R,Enugu,0.2852886363636364
1002.0,6.79889142637,7.46428254189,R,Enugu,0.29094933333333334
1003.0,6.42614333143,7.31558236205,R,Enugu,0.125106
1004.0,6.42319191908,7.13338320671,R,Enugu,-0.090835
1005.0,6.49529917232,7.44096458263,R,Enugu,0.20019714285714288
1006.0,6.31074667215,7.3207843696,R,Enugu,0.17648620689655173
1007.0,6.47545881157,7.69984548606,R,Enugu,-0.13839071428571428
1008.0,6.18629985515,7.6422801187,R,Enugu,-0.04096933333333334
1009.0,6.28905963793,7.52569045586,R,Enugu,0.16985533333333333
1010.0,6.19120659449,7.48981243025,R,Enugu,-0.12762827586206899
1011.0,6.5426896862,7.78407338891,U,Ebonyi,-0.41024666666666665
1012.0,6.27479326544,7.74532728377,U,Ebonyi,-0.8068323333333333
1013.0,6.6024799028,8.13204902996,U,Ebonyi,-0.8723873333333334
1014.0,6.33497461589,8.08664179812,U,Ebonyi,0.6834950000000001
1015.0,6.33178055718,8.10830276325,U,Ebonyi,0.6663013333333333
1016.0,6.30729147324,8.09161635514,U,Ebonyi,0.5309646666666666
1017.0,6.33499926158,8.1356094931,U,Ebonyi,0.009104666666666672
1018.0,6.17060709647,7.84810865237,U,Ebonyi,-0.5321953333333334
1019.0,6.00973028405,7.98710434829,U,Ebonyi,-0.7518666666666667
1020.0,6.04002267133,7.82636754211,U,Ebonyi,-0.196049
1021.0,5.88955196341,7.97767645996,U,Ebonyi,-0.39168766666666666
1022.0,5.85465823177,7.95875418121,U,Ebonyi,0.12011500000000001
1023.0,5.99564341238,7.52853237732,U,Ebonyi,-0.6261236666666666
1024.0,6.60942959088,7.99912465772,R,Ebonyi,-0.8213166666666667
1025.0,6.59774945862,7.97183070511,R,Ebonyi,-0.9308703333333332
1026.0,6.4631726032,7.96463643559,R,Ebonyi,-0.47391966666666663
1027.0,6.36428237276,7.97301926956,R,Ebonyi,-0.36886800000000003
1028.0,6.67123434972,8.24440691774,R,Ebonyi,-0.968778
1029.0,6.54896265979,8.1738782889,R,Ebonyi,-0.8753516666666666
1030.0,6.47245231016,8.23183645886,R,Ebonyi,-0.7141153333333333
1031.0,6.40544831621,8.21368449656,R,Ebonyi,-0.4020036666666667
1032.0,6.35430423477,8.31513870878,R,Ebonyi,-0.37828241379310346
1033.0,6.29606528597,8.09935486977,R,Ebonyi,0.4242606666666667
1034.0,6.24168618751,8.09735364809,R,Ebonyi,0.4184673333333333
1035.0,6.35040445303,7.94095184477,R,Ebonyi,-1.0495183333333333
1036.0,6.25889103495,8.05558107554,R,Ebonyi,-0.851896
1037.0,6.27918967077,7.9126684442,R,Ebonyi,-0.7201266666666667
1038.0,6.06505493709,8.0071885232,R,Ebonyi,-0.448847
1039.0,6.14526184985,8.22518453166,R,Ebonyi,-1.0137506666666667
1040.0,6.11293977531,8.12775330837,R,Ebonyi,-0.04265933333333334
1041.0,5.89763891907,7.70058343832,R,Ebonyi,-0.8114426666666666
1042.0,6.09803415726,7.79494909557,R,Ebonyi,-0.5530243333333333
1043.0,5.95769635255,7.9854001679,R,Ebonyi,-0.11177566666666668
1044.0,6.08620774105,8.0560400431,R,Ebonyi,-0.969581
1045.0,6.85881734488,8.80184689962,U,Cross River,-0.253467
1046.0,6.70809823346,8.48058175265,U,Cross River,-0.73512
1047.0,6.71951862169,8.93100383326,U,Cross River,-0.335999
1048.0,6.60668466016,8.78069680355,U,Cross River,0.39000766666666664
1049.0,6.61422531345,9.13156877824,U,Cross River,0.28932766666666665
1050.0,6.47450732929,8.78053707094,U,Cross River,-0.27367966666666665
1051.0,6.29657817126,8.64728997138,U,Cross River,-0.05699333333333334
1052.0,5.96866108727,8.71458191873,U,Cross River,0.851453
1053.0,5.95353483882,8.27211882442,U,Cross River,-0.20330733333333334
1054.0,5.8342376945,8.08093710401,U,Cross River,1.1126516666666668
1055.0,5.74022388252,8.16772290627,U,Cross River,-0.37282666666666664
1056.0,5.94833810673,8.15783953339,U,Cross River,-0.050082
1057.0,5.26024661394,8.35756397381,U,Cross River,0.6571453333333334
1058.0,5.16508309792,8.17501327116,U,Cross River,-0.333678
1059.0,4.94379789602,8.32855442064,U,Cross River,1.0968760000000002
1060.0,4.91497877524,8.31772657946,U,Cross River,0.4805546666666667
1061.0,5.05924905013,8.3478327342,U,Cross River,0.7589816666666667
1062.0,5.03693928271,8.3364400038,U,Cross River,1.4842410714285716
1063.0,4.99711980061,8.32219691804,U,Cross River,1.1750506666666667
1064.0,4.96992020475,8.37686034147,U,Cross River,1.0603166666666666
1065.0,4.92036804287,8.4403685007,U,Cross River,0.45901103448275865
1066.0,6.76155505718,8.75176787962,R,Cross River,-0.7399539999999999
1067.0,6.73513166475,8.93520732624,R,Cross River,-0.449155
1068.0,6.5476440137,8.76856588055,R,Cross River,-0.5626180000000001
1069.0,6.44575373614,9.01990804673,R,Cross River,-0.2644653333333334
1070.0,6.49927570522,8.84004321106,R,Cross River,-0.008853666666666659
1071.0,6.29645000991,8.95235334555,R,Cross River,-0.26602333333333333
1072.0,5.88708242681,8.75461539241,R,Cross River,-0.20955033333333334
1073.0,6.05760288694,8.83380777315,R,Cross River,-1.0392293333333333
1074.0,6.06225952382,8.39198230815,R,Cross River,-0.317209
1075.0,5.93024073506,8.10951188862,R,Cross River,0.2627153333333333
1076.0,5.82161244563,7.99089168974,R,Cross River,0.040636666666666675
1077.0,5.50454276819,8.1101126489,R,Cross River,-0.49232896551724137
1078.0,5.27079325052,8.53775359122,R,Cross River,-0.17551862068965518
1079.0,5.12770656177,8.15446508399,R,Cross River,-0.8756942857142856
1080.0,5.20378485891,7.72412488814,U,Akwa Ibom,0.29052517241379305
1081.0,5.28518764066,7.74526048756,U,Akwa Ibom,0.05922433333333333
1082.0,5.06124796816,7.92019501357,U,Akwa Ibom,1.1016134482758622
1083.0,5.05583625511,8.0410067948,U,Akwa Ibom,-0.271658
1084.0,4.97966126332,7.97975477762,U,Akwa Ibom,0.3583372413793104
1085.0,4.99603879222,7.9561258571,U,Akwa Ibom,0.6258189655172414
1086.0,5.0253812079,7.9261134562,U,Akwa Ibom,0.29611
1087.0,5.04062735515,7.95842084776,U,Akwa Ibom,0.948004
1088.0,5.06764990351,7.95044621539,U,Akwa Ibom,0.29711750000000003
1089.0,5.02477647984,7.88176326688,U,Akwa Ibom,0.8968324137931035
1090.0,4.98489828656,7.79138654806,U,Akwa Ibom,0.8666953333333333
1091.0,4.86775453663,7.55935938495,U,Akwa Ibom,-0.04205733333333333
1092.0,4.85337500009,7.84036063644,U,Akwa Ibom,0.4493956666666667
1093.0,4.99361640771,7.92783132309,U,Akwa Ibom,0.9549485000000001
1094.0,4.92461627716,7.96474351227,U,Akwa Ibom,-0.02280366666666666
1095.0,4.79827071652,8.26348413434,U,Akwa Ibom,0.40981133333333336
1096.0,4.64293621517,8.05529462699,U,Akwa Ibom,0.2749526666666667
1097.0,4.66159592474,7.93949783451,U,Akwa Ibom,0.7535306666666667
1098.0,4.63538078822,7.98532531492,U,Akwa Ibom,0.33994266666666667
1099.0,4.66340411684,7.64468445689,U,Akwa Ibom,-0.33652533333333334
1100.0,5.29981458524,7.72785004172,R,Akwa Ibom,-0.0012280000000000097
1101.0,5.12391620358,7.73968884443,R,Akwa Ibom,0.129992
1102.0,5.15941394728,7.81873890456,R,Akwa Ibom,-0.13039499999999998
1103.0,5.18735510961,7.88179416379,R,Akwa Ibom,0.11650333333333335
1104.0,5.08209636057,7.97675386571,R,Akwa Ibom,-0.42212200000000005
1105.0,5.01631687609,7.7134967158,R,Akwa Ibom,-0.23888700000000002
1106.0,5.07516786364,7.62726427487,R,Akwa Ibom,-0.387313
1107.0,4.99974966823,7.494953237,R,Akwa Ibom,-0.15164433333333333
1108.0,4.90126999542,7.60176337102,R,Akwa Ibom,-0.43492800000000004
1109.0,4.82845951036,7.69095645043,R,Akwa Ibom,-0.265396
1110.0,4.93802757724,7.76030658884,R,Akwa Ibom,-0.20309166666666664
1111.0,4.64650405473,7.79765236515,R,Akwa Ibom,-0.11847833333333332
1112.0,4.75027260741,7.8164230348,R,Akwa Ibom,-0.33547733333333335
1113.0,4.87995365042,8.01965252061,R,Akwa Ibom,-0.3742596666666667
1114.0,4.77277106181,8.10502119878,R,Akwa Ibom,-0.7249706666666665
1115.0,4.75512782717,8.145061814,R,Akwa Ibom,-0.3027626666666666
1116.0,4.7166535483,7.97834628008,R,Akwa Ibom,-0.11317333333333333
1117.0,4.6657248218,7.8509013519,R,Akwa Ibom,0.13238633333333333
1118.0,4.60632287208,7.62777895374,R,Akwa Ibom,-0.34217966666666666
1119.0,5.82622945339,7.44086853782,U,Abia,0.13727068965517242
1120.0,5.76224578337,7.76414409321,U,Abia,-0.4497289655172414
1121.0,5.40945905939,7.86761985669,U,Abia,0.6526759090909091
1122.0,5.51011723947,7.5327852453,U,Abia,1.5530177777777778
1123.0,5.49939842282,7.49241371495,U,Abia,1.291764347826087
1124.0,5.51615472366,7.52507811397,U,Abia,0.9161310344827586
1125.0,5.48229395714,7.48253965617,U,Abia,1.6895495454545455
1126.0,5.45186929045,7.53904549413,U,Abia,0.8397545833333333
1127.0,5.10914109488,7.40489381438,U,Abia,1.2585285714285714
1128.0,5.11645352087,7.36202673972,U,Abia,1.0365479310344827
1129.0,5.11305535077,7.38135630592,U,Abia,0.5970685714285714
1130.0,5.12080648671,7.3466890047,U,Abia,1.4606776666666665
1131.0,5.13450190055,7.34086465232,U,Abia,0.9145737931034482
1132.0,5.07463573476,7.31319107947,U,Abia,0.798156
1133.0,5.10436986246,7.34078224127,U,Abia,0.5955456666666666
1134.0,5.09414394766,7.36490777353,U,Abia,0.6828932142857143
1135.0,5.09253812449,7.38796969722,U,Abia,0.591148
1136.0,5.07660800449,7.36751015318,U,Abia,0.9517193103448276
1137.0,5.08121890043,7.34665262956,U,Abia,1.0233586206896552
1138.0,5.99324700876,7.39202397703,R,Abia,0.337911
1139.0,6.0129334025,7.33122958444,R,Abia,-0.2975506666666667
1140.0,5.73519891668,7.55258941948,R,Abia,0.14228785714285713
1141.0,5.79140291547,7.68104414333,R,Abia,0.16506727272727273
1142.0,5.53180864881,7.85571688668,R,Abia,-0.26953241379310344
1143.0,5.62094988353,7.42709257675,R,Abia,0.8389432142857143
1144.0,5.46652522313,7.41564400544,R,Abia,0.6222355555555557
1145.0,5.38332332579,7.55347740871,R,Abia,0.05870892857142857
1146.0,5.42097145206,7.37466965492,R,Abia,0.3598867857142857
1147.0,5.29518824468,7.46487895155,R,Abia,0.13101758620689655
1148.0,5.29318977539,7.35543153825,R,Abia,0.19582535714285715
1149.0,5.16603922319,7.45761105576,R,Abia,0.3232113333333333
1150.0,5.10568464358,7.52231058527,R,Abia,0.042646896551724135
1151.0,5.15404634543,7.35615521781,R,Abia,1.3414986206896553
1152.0,5.08054821214,7.39440440052,R,Abia,0.3924762068965517
1153.0,4.89099138498,7.44246289886,R,Abia,-0.2717041379310345
1154.0,5.9130776409,7.09555062575,U,Imo,0.5345358620689655
1155.0,5.82127717832,7.34513314408,U,Imo,0.878187
1156.0,5.82344085294,7.08462501781,U,Imo,0.4202086666666667
1157.0,5.79591658957,7.04970985622,U,Imo,1.0922316666666667
1159.0,5.75727267675,6.94292892149,U,Imo,0.3707136666666667
1160.0,5.5948036778,6.92199279778,U,Imo,0.25093033333333337
1161.0,5.74998507445,7.06880398956,U,Imo,0.680994
1162.0,5.74047804749,7.09800166485,U,Imo,0.8114703333333334
1163.0,5.66456996895,7.16757730922,U,Imo,0.620217
1164.0,5.47433459094,7.06844384738,U,Imo,1.4949656666666666
1165.0,5.48177574102,7.00773528454,U,Imo,1.4846563333333334
1166.0,5.45467411011,7.04014785584,U,Imo,1.3969496666666668
1167.0,5.91567557879,7.20596434545,R,Imo,0.343948947368421
1168.0,5.81136533926,7.19602882289,R,Imo,0.16235666666666668
1170.0,5.74939935479,6.91308366674,R,Imo,-0.004951666666666665
1171.0,5.60871187545,7.01636810676,R,Imo,-0.09931833333333334
1172.0,5.56081391759,6.97617786041,R,Imo,0.315291
1173.0,5.65076895956,6.99095415697,R,Imo,0.25368466666666667
1174.0,5.69275656472,7.0952718964,R,Imo,0.268948
1175.0,5.6503333577,7.13370120285,R,Imo,0.322122
1176.0,5.64360647311,7.26695597542,R,Imo,0.22108466666666665
1177.0,5.61999082032,7.33298819923,R,Imo,0.4812456666666666
1178.0,5.51978329361,7.35308374782,R,Imo,0.09260033333333334
1179.0,5.58564835578,7.2816644239,R,Imo,0.3691833333333333
1180.0,5.51504503768,7.27571889666,R,Imo,0.6621936666666667
1181.0,5.48305080104,7.20466594044,R,Imo,0.13467366666666666
1182.0,5.38359846006,7.26757851892,R,Imo,0.17868433333333333
1183.0,5.59433084057,7.14961494163,R,Imo,0.44703666666666664
1184.0,5.51860644666,7.05691419096,R,Imo,0.8615966666666667
1185.0,5.47476095094,7.12621150956,R,Imo,0.8758246666666667
1186.0,5.47994323759,7.05603298817,R,Imo,1.3506689655172412
1187.0,5.5483142103,7.00664998146,R,Imo,0.8054706666666667
1188.0,5.45646802974,7.00820526586,R,Imo,1.0064153333333334
1189.0,5.4230235183,7.04748928026,R,Imo,0.8680666666666668
1190.0,5.3907487653,6.75978782678,R,Imo,-0.189992
1191.0,5.32455550741,6.76373598857,R,Imo,-0.28604666666666667
1192.0,5.27436595778,7.23494767649,R,Imo,0.4215933333333333
1193.0,5.34474575644,6.64659081117,U,Rivers,0.41664074074074076
1194.0,5.31209995429,6.65783632705,U,Rivers,0.30410499999999996
1195.0,5.15980144337,6.48720919126,U,Rivers,-0.07676678571428572
1196.0,4.34567036322,6.65157663244,U,Rivers,0.5584176666666667
1197.0,5.04288003338,6.72679796413,U,Rivers,0.4510335714285714
1198.0,5.10887383354,6.82672868732,U,Rivers,0.4159323333333333
1199.0,4.96068002532,7.03448132251,U,Rivers,0.764212
1200.0,4.91921236759,6.89809321739,U,Rivers,0.628979
1201.0,5.03701656751,7.10423243034,U,Rivers,0.15083433333333335
1202.0,4.90676023058,7.12955520111,U,Rivers,0.8396925
1203.0,4.87917665727,6.94181484053,U,Rivers,1.1110460000000002
1204.0,4.89993621317,7.00605747856,U,Rivers,1.1958096666666667
1205.0,4.86700799986,7.01896948032,U,Rivers,1.037613
1206.0,4.84078696827,7.03541157614,U,Rivers,1.2119893333333331
1207.0,4.83094041805,7.07494166581,U,Rivers,0.6208463333333333
1208.0,4.84058189505,7.05015633822,U,Rivers,1.1248146666666665
1209.0,4.86937009922,6.97299056202,U,Rivers,1.109858
1210.0,4.88023140421,6.98162990035,U,Rivers,1.444111
1211.0,4.82306816081,6.98934973968,U,Rivers,1.6654706666666668
1212.0,4.8124960667,6.96756202866,U,Rivers,1.2586353333333333
1213.0,4.84550726579,6.92404254328,U,Rivers,0.9703963333333333
1214.0,4.81254134515,7.01814648968,U,Rivers,0.91677
1215.0,4.81223165628,7.04567271951,U,Rivers,0.9406965384615386
1216.0,4.79247726228,7.01629807938,U,Rivers,1.4751736
1217.0,4.74576241483,7.02926655701,U,Rivers,0.9147689655172414
1218.0,4.78665614643,6.99065761393,U,Rivers,0.5083176666666667
1219.0,4.7380408478,7.10384174833,U,Rivers,0.7707346666666667
1220.0,4.78572377619,7.1317330619,U,Rivers,1.1141916666666667
1221.0,4.86417619287,7.11386495472,U,Rivers,1.3659824137931034
1222.0,4.83794849344,7.20339983269,U,Rivers,1.202056206896552
1223.0,4.6543151447,7.37490227484,U,Rivers,0.476339
1224.0,4.6932512086,7.34851167072,U,Rivers,0.1595023333333333
1225.0,4.73801419957,7.29574483077,U,Rivers,-0.007711333333333335
1226.0,4.41526049058,7.18397984351,U,Rivers,0.91923
1227.0,5.30186458562,6.65647172477,R,Rivers,0.5221603846153846
1228.0,5.06335076827,6.60456151681,R,Rivers,0.40232999999999997
1229.0,4.60034470841,6.75455299195,R,Rivers,-0.702821
1230.0,4.90093198144,6.69329495296,R,Rivers,-0.2866882142857143
1231.0,4.71712311175,7.05475817158,R,Rivers,0.5670370000000001
1232.0,4.6386012848,7.40385996139,R,Rivers,-0.5085416666666667
1233.0,4.74896773389,7.19397675762,R,Rivers,0.22298199999999999
1234.0,4.45570784388,7.29070345607,R,Rivers,-0.43423799999999996
1235.0,5.06190320559,5.78923599915,U,Bayelsa,-0.20271566666666668
1236.0,5.10222143634,6.07096724743,U,Bayelsa,0.073912
1237.0,5.16823551613,6.28951799296,U,Bayelsa,0.21067333333333332
1238.0,5.03061996671,6.3986040302,U,Bayelsa,0.9781416666666666
1239.0,4.9757976286,6.37123441615,U,Bayelsa,0.8904781481481481
1240.0,5.03255382013,6.32107864133,U,Bayelsa,0.24567333333333333
1241.0,4.96629756919,6.37413387513,U,Bayelsa,1.017624
1242.0,4.93697567504,6.36176498315,U,Bayelsa,1.3625203333333333
1243.0,4.94816007918,6.30730083555,U,Bayelsa,1.1231763333333333
1244.0,4.93473162251,6.30816976178,U,Bayelsa,0.949415
1245.0,4.91578101536,6.2959651244,U,Bayelsa,0.9774316666666666
1246.0,4.90971886562,6.29527585349,U,Bayelsa,0.571446
1247.0,4.93739997779,6.27297140055,U,Bayelsa,0.9598153333333334
1248.0,4.85722122226,6.34407871145,U,Bayelsa,0.091071
1249.0,4.78760319829,6.30891366215,U,Bayelsa,0.17034333333333335
1250.0,4.9763928177,6.11778694934,U,Bayelsa,0.49829689655172416
1251.0,4.82383627753,6.17358039171,U,Bayelsa,-0.7653803333333333
1252.0,4.32830207966,6.24907888089,U,Bayelsa,0.3945490909090909
1253.0,4.52826933509,6.41504698173,U,Bayelsa,0.5328378260869565
1254.0,4.92970521556,5.82271643239,R,Bayelsa,-0.07666896551724137
1255.0,5.06437257813,5.8715181771,R,Bayelsa,-1.0353255172413793
1256.0,5.00993522619,6.1174148755,R,Bayelsa,-0.08495133333333334
1257.0,5.00160685023,6.17339178822,R,Bayelsa,-0.8018005263157895
1258.0,4.76545819999,6.26563867278,R,Bayelsa,-0.34289233333333335
1259.0,4.79851007092,6.07082118457,R,Bayelsa,0.5903596666666666
1260.0,4.60968296399,6.15122067782,R,Bayelsa,-0.44377310344827586
1261.0,4.78620362477,5.95655388448,R,Bayelsa,0.6042083333333333
1262.0,4.33081089509,6.04715311133,R,Bayelsa,-0.295117
1263.0,4.58618265696,6.26159010489,R,Bayelsa,0.45566666666666666
1264.0,6.2665389056,6.18515048102,U,Delta,0.5947658333333333
1265.0,6.13748950404,6.14557966047,U,Delta,0.33260263157894737
1266.0,6.24126292588,6.19335574609,U,Delta,0.8806833333333333
1267.0,6.36103403673,6.44086713356,U,Delta,0.4405075
1268.0,6.23545541737,6.67294455958,U,Delta,0.8049713636363637
1269.0,6.24220455865,6.44445777792,U,Delta,0.7082046153846153
1270.0,6.20082131919,6.71746368418,U,Delta,1.2899726923076924
1271.0,6.17620943047,6.71189666147,U,Delta,1.3463070370370371
1272.0,6.15872393863,6.7421124058,U,Delta,-0.22917333333333334
1273.0,5.70905641662,6.43001739156,U,Delta,0.9532737931034482
1274.0,5.87424278508,6.181799518,U,Delta,0.35583000000000004
1275.0,5.62146401345,5.8774224596,U,Delta,0.27075827586206896
1276.0,5.49595506946,6.02009499386,U,Delta,0.9786513793103448
1277.0,5.53373682762,6.07412932249,U,Delta,0.4369756666666667
1278.0,5.77099522804,6.1016725707,U,Delta,1.1604010344827584
1279.0,5.63240502438,5.96424278801,U,Delta,0.0032737931034482804
1280.0,5.52327192796,6.22829862315,U,Delta,1.0599803571428572
1281.0,5.45980715521,6.21913528649,U,Delta,1.246707037037037
1282.0,5.53161615383,5.87104473123,U,Delta,0.5516993333333333
1283.0,5.57243875197,5.74862382053,U,Delta,1.6425272413793104
1284.0,5.56100654272,5.78465959978,U,Delta,0.7461523333333333
1285.0,5.54485215834,5.75540497016,U,Delta,1.249745
1286.0,5.63378892276,5.89740866675,U,Delta,1.033169
1287.0,5.60340965134,5.67252775109,U,Delta,1.2766836666666668
1288.0,5.98251466127,5.75253879849,U,Delta,1.0497376666666667
1289.0,5.88473876437,5.61528488004,U,Delta,1.236221
1290.0,5.85058096211,5.72009640827,U,Delta,1.15976
1291.0,6.00986527108,5.46549123889,U,Delta,1.0468136666666665
1292.0,5.53003006019,5.73860133412,U,Delta,1.0710403333333331
1293.0,5.47902696617,5.76722207394,U,Delta,0.6874266666666666
1294.0,5.51454831891,5.83901014332,U,Delta,1.1880346666666666
1295.0,5.17005154809,5.56096738816,U,Delta,-0.7790003333333334
1296.0,6.05801605457,6.48692350353,R,Delta,-0.24091071428571428
1297.0,6.00286067211,6.40197131346,R,Delta,-0.09321038461538461
1298.0,5.56691746498,5.9609761365,R,Delta,-0.12872
1299.0,5.37829787215,5.81477449451,R,Delta,-0.18730166666666664
1300.0,5.77241119181,5.63976100804,R,Delta,-0.4096941379310345
1301.0,5.90864632417,5.36300867399,R,Delta,-1.0333533333333333
1302.0,5.62797744925,5.38109159527,R,Delta,0.32714133333333334
1303.0,5.19786351776,5.63347946761,R,Delta,-1.2172293333333333
1304.0,6.41340664239,2.89512753089,U,Lagos,1.1265282142857143
1305.0,6.43697099725,2.98208408471,U,Lagos,1.1558306666666667
1306.0,6.49824147597,3.0526101064,U,Lagos,1.2472923333333334
1307.0,6.49211155512,3.1978400779,U,Lagos,1.4537941379310344
1308.0,6.46361194821,3.19652949582,U,Lagos,0.14840100000000003
1309.0,6.46252169497,3.15777373297,U,Lagos,1.174527
1310.0,6.47472288542,3.13158627932,U,Lagos,1.1353743333333335
1311.0,6.47274927826,3.31257721208,U,Lagos,1.7186813793103448
1312.0,6.66085308909,3.24912699447,U,Lagos,1.390614
1313.0,6.65292559066,3.24484092897,U,Lagos,1.3314506666666666
1314.0,6.65391407976,3.25671086719,U,Lagos,1.2698966666666667
1315.0,6.60575545911,3.30201277852,U,Lagos,1.6512276666666668
1316.0,6.58343315115,3.25452716538,U,Lagos,1.6162360714285715
1317.0,6.63046816397,3.2583129774,U,Lagos,1.1608526666666668
1318.0,6.56988296384,3.20153153324,U,Lagos,1.6397806896551725
1319.0,6.57593895227,3.26286633124,U,Lagos,1.5944426666666667
1320.0,6.51464578493,3.24743176538,U,Lagos,1.2666166666666667
1321.0,6.53276403743,3.26554458302,U,Lagos,1.2766143333333335
1322.0,6.53163624821,3.28648130608,U,Lagos,1.5757296296296295
1323.0,6.62677399111,3.30342875363,U,Lagos,1.4897785714285714
1324.0,6.66656455072,3.29154653094,U,Lagos,1.593666551724138
1325.0,6.63772307735,3.32665277897,U,Lagos,1.6667370000000001
1326.0,6.59640356983,3.37423722016,U,Lagos,1.8114508
1327.0,6.56123153431,3.34658656172,U,Lagos,1.3218332000000002
1328.0,6.5375635748,3.29323593246,U,Lagos,1.7024077777777777
1329.0,6.54117426455,3.3641490251,U,Lagos,1.3322515384615383
1330.0,6.52788573273,3.36265342185,U,Lagos,1.3477904347826086
1331.0,6.48174145835,3.33011577585,U,Lagos,1.7089485
1332.0,6.49838104985,3.35277765495,U,Lagos,1.6568473913043478
1333.0,6.45634225889,3.33365835359,U,Lagos,0.8863503333333334
1334.0,6.44244376838,3.33403506286,U,Lagos,1.1801066666666666
1335.0,6.45638771976,3.36025778857,U,Lagos,1.4843643333333332
1336.0,6.51804019658,3.37169112997,U,Lagos,1.7076799999999999
1337.0,6.53921979821,3.39784798545,U,Lagos,1.0526393333333333
1338.0,6.53781305931,3.3785943896,U,Lagos,1.2838192592592592
1339.0,6.60585825182,3.40569603617,U,Lagos,0.9499726923076923
1340.0,6.57950425694,3.38762787489,U,Lagos,1.7693379999999999
1341.0,6.67237709191,3.49371822533,U,Lagos,1.511086
1342.0,6.62567983287,3.48765712407,U,Lagos,1.3916676666666667
1343.0,6.61379275752,3.50810641122,U,Lagos,1.4368513793103448
1344.0,6.67677238109,3.52116419537,U,Lagos,1.5563951724137932
1345.0,6.64501789082,3.55567571103,U,Lagos,1.39958
1346.0,6.61208935006,3.59849914852,U,Lagos,1.5281710344827586
1347.0,6.47172313665,3.63052957799,U,Lagos,1.0820785714285714
1348.0,6.45085911297,3.61142239645,U,Lagos,1.4972166666666666
1349.0,6.44859030359,3.52251023688,U,Lagos,1.7323491304347827
1350.0,6.43723857132,3.42126202654,U,Lagos,1.2554538888888889
1351.0,6.44774131933,3.53128288197,U,Lagos,1.4718627586206896
1352.0,6.39759653825,4.19602874266,U,Lagos,0.3052206666666667
1353.0,6.46124168098,3.70655345256,R,Lagos,2.0238772413793105
1354.0,6.45990501525,3.97337386754,R,Lagos,0.41006
1355.0,7.07525935016,2.97010564232,U,Ogun,0.3219224137931035
1356.0,7.16310326508,3.31467193061,U,Ogun,0.5062653333333333
1357.0,7.1821032621,3.25185355174,U,Ogun,0.8536144827586206
1358.0,7.15867501982,3.36369722382,U,Ogun,0.508372
1359.0,7.12400020796,3.31164791505,U,Ogun,1.1305326666666666
1360.0,7.20008368938,3.38842445516,U,Ogun,0.6691224137931034
1361.0,6.82320445001,3.46429372123,U,Ogun,1.035798
1362.0,6.80248422812,3.45386362525,U,Ogun,0.6557023333333334
1363.0,6.77398369059,3.41008975894,U,Ogun,1.1142963333333333
1364.0,7.0599568171,3.27575407094,U,Ogun,0.6769700000000001
1365.0,6.90032569716,3.00145867431,U,Ogun,0.9424203333333333
1366.0,6.83377853625,2.9166959655,U,Ogun,-0.24074133333333333
1367.0,6.73601988125,3.26551019171,U,Ogun,0.7795686666666667
1368.0,6.70985738044,3.24838666314,U,Ogun,0.7020233333333333
1369.0,6.70577019577,3.22275409274,U,Ogun,1.0968603333333333
1370.0,6.69385691834,3.21587400719,U,Ogun,0.9073466666666667
1371.0,6.70855259352,3.21024937987,U,Ogun,1.0964866666666668
1372.0,6.67305594827,3.13481679056,U,Ogun,1.0873869999999999
1373.0,6.63765891067,3.21574700822,U,Ogun,1.1528553333333333
1374.0,6.50903318227,3.07634737994,U,Ogun,1.7788592307692308
1375.0,6.598343626,3.0769992422,U,Ogun,0.5636976666666667
1376.0,6.71392381494,3.11917665273,U,Ogun,1.0328193333333333
1377.0,6.61872485482,3.20495081234,U,Ogun,0.9668386666666666
1378.0,6.759339488,3.18777390648,U,Ogun,1.296808
1379.0,6.81474448647,3.20246265008,U,Ogun,1.1335753333333334
1380.0,6.78736092061,3.21074693174,U,Ogun,0.5322926666666666
1381.0,6.73431474253,3.28905529079,U,Ogun,1.1995310000000001
1382.0,6.73540510309,3.31262939016,U,Ogun,1.0486453333333334
1383.0,6.69281376467,3.3425701763,U,Ogun,0.5889946666666667
1384.0,6.70332488899,3.29591270323,U,Ogun,1.2627570000000001
1385.0,6.67206673067,3.35713283254,U,Ogun,1.3935226666666667
1386.0,6.85455823157,3.64481604428,U,Ogun,0.7144593333333333
1387.0,6.81583275209,3.6453300127,U,Ogun,1.369961
1388.0,6.69026742124,3.58242691616,U,Ogun,0.9074279999999999
1389.0,6.92499074838,3.6668431512,U,Ogun,0.5543793333333333
1390.0,6.93787683601,3.92315915224,U,Ogun,0.13741066666666668
1391.0,6.95470715774,4.00289479419,U,Ogun,0.18721466666666667
1392.0,6.83659018072,3.93414322832,U,Ogun,0.7759376666666667
1393.0,6.80585333548,4.03265615231,U,Ogun,0.7428503333333333
1394.0,7.44208025115,2.97289171286,R,Ogun,-0.389902
1395.0,7.34021974941,3.2213300593,R,Ogun,-1.1070483333333334
1396.0,7.07878939658,3.3202861428,R,Ogun,0.6576996666666666
1397.0,6.84522225947,2.75705444782,R,Ogun,-0.8911486666666666
1398.0,6.81257973757,3.09986327676,R,Ogun,0.9109796
1399.0,6.91443865577,3.77925890396,R,Ogun,-0.1395646666666667
1400.0,6.86724648137,4.00778698891,R,Ogun,-0.23516586206896553
